Amino Acid,Mean0,Mean1,Mean2,Mean3,Mean4,Mean5,Mean6,Mean7,Mean8,Mean9,Mean10,Mean11,Mean12
*,-3.8157616933503276,-3.7554996539854466,-3.7009488234486354,-3.2763629490142665,-4.294577976424207,-3.930461445885398,-3.910657281969593,-3.759134137820077,-4.158872696483992,-3.7508739674409575,-3.5221720332565454,-3.6759265360352398,-4.011454751813973
A,-1.3183033694407789,0.2528094944315693,0.04477516009057041,-0.7663423725784266,-0.09744869391805588,-0.3804709615323094,0.2690699216251673,0.5492473809047391,-3.365045684037094,-0.5707667995604371,0.6678210401018583,-0.45808663879829714,-0.879354843285087
C,-3.2279745439115084,-0.8988609768309841,-1.0401201468518293,-0.8389288731469593,-0.6299847299743679,-0.12222451715302363,-2.9156028996271903,-0.06336026762931724,-1.844947691160907,-0.9362332562249898,-0.5180558104653188,0.1848088982149272,-0.5004868286337745
D,-3.057987370967811,-0.43327260543169643,0.18892600913161584,-2.1361756998361763,0.2508869224276955,0.3451732940887511,-1.055274438847953,0.4820316762235577,-3.553312218198785,0.32527500491174566,-2.883811346198744,-0.9247455340204942,-0.7142579844461006
E,-2.3599756460844583,-1.0915539662953813,-0.09092269622730775,-1.370951174879836,0.25120486379603735,0.15783598835844836,-0.13534119702134273,-0.2476198884039289,-4.135890783939055,-0.4522397088109025,-4.1152536759322365,-0.6132712018067372,-0.5860373166342834
F,-2.5722785856988986,-0.8225038392361435,0.40937437859017994,-0.4620792162334917,-0.16329873161837583,-0.8839603125110216,-0.3530869583604277,-0.5855946892701915,-0.06613910128468407,-0.23600933185309655,-2.9671710387419608,-1.5556646691120632,-0.39097096271937204
G,-2.6162734179510014,0.285435423836766,-0.07994201428142518,-1.1292295363907088,-0.14598150642510244,-0.2645026840276137,-0.28143084437421617,-0.33723602263820407,-3.968222480172014,0.27108428039766297,-3.422306256908018,-0.024357586005423672,-0.7005936309883407
H,-1.9485307720914382,-0.8074744293727862,-0.32995862850025404,-0.9431592180343671,-1.6146751416712593,-1.5385187274843544,-0.6534472014034023,0.21157157659235226,-3.53963385301806,0.41952202208291034,-4.141104928054618,-0.1583476571497698,-1.1086305517885826
I,-1.5824732161364503,-0.5309926152344995,-0.8451779021289891,-0.39275250505960724,-2.548073648519446,-0.9778963347355605,0.027370985841550066,-0.09095188580838887,-1.602929246239217,-0.21397602540459992,-0.31506223270718525,-1.3579568034086003,-0.677338226617187
K,-2.9583272885832863,-1.1868918951790857,0.4883743060918606,-0.6205338097443885,-0.7779899697046591,-0.10913940189449178,-0.4771135098135679,-0.03350491896991192,-3.4978657189407327,-0.21711939735055186,-3.8913612544785576,-0.46898985962311757,-0.5058796456485801
L,-1.0508196226898723,0.010335589456538941,0.06529562134054138,0.34691833651791776,-1.075680780817381,-0.9426626564781143,-1.477167624214387,-0.2064584177704547,-0.06620980090651958,-0.10014516034612989,0.3217265485095114,-1.1631754209303693,-1.1074815008374645
M,-2.1984637597907346,-0.6439690125829531,-0.22679398651724147,-0.6994292041266981,-0.7635064550406904,-1.0213693786540654,-0.4503098774461871,-0.5556089877528967,0.0864662545498347,0.059110986009690926,-0.21318361921848528,-0.3816935593244919,-1.0862109752041533
N,-3.714839230829964,-1.0311625591772229,0.3465159156785923,-0.42224942160738976,-2.3003649028515265,-0.5828917838746275,-0.499873400782576,-0.46355586693349204,-3.56789899720364,0.51459149831462,-3.5285132223245244,-1.1254002886996393,-0.5304102693084207
P,-3.3126188904687934,-1.401678731207287,0.17283719144807302,-1.5281783704968874,-1.058813731763383,-0.409613026554313,-0.5784999054948332,0.09028746384160291,-2.708875262553023,-2.815881806475576,-0.7463661882178763,-2.6120332147720324,-0.6237020237552935
Q,-3.0860237688452385,-1.1634253195150581,0.4569440727149541,0.7599459720797705,-0.34952065221814,-0.3462982566240762,-0.19287288980330075,-0.507924063089285,-3.7441915784361104,1.1016684217161274,-4.2865045965664486,-0.3913549118952077,-0.5614947964675547
R,-2.077125518704418,-0.26346033786144546,0.02151222365611849,-0.16370424083581778,-0.7896857244291913,-0.4097085688968911,-1.1547188717415688,-0.5604768857989443,-3.6565317598023053,0.3321195058820944,-3.338041590855779,-0.027186343557551822,-0.5313613230523337
S,-2.887929922031676,-1.0107749948094726,-0.09888544789336155,-0.705780735696654,-1.1067518979824,-0.560233186706726,-1.61685616406732,0.19012126777456237,-3.983927336291645,0.3828207547645866,-2.281383465517146,-0.2825354651802678,-0.46217131393033534
T,-1.704388656596906,-0.7740282002517943,0.3482096166226974,-0.6100629169087817,-1.541126473361499,-0.5803586518728843,-0.6647495380024279,-0.5171988532753218,-2.36800941279491,1.3175273735245445,1.1635721472072342,-0.7965367098108089,-0.7112920603440993
V,-1.7574458107274686,-0.3656310887722416,0.039181187556240005,-0.40336357182075977,-0.6478469870179673,-0.29479643448722626,-0.37112050039799227,-0.027792846298686724,-1.643462810119424,0.48157491396608193,0.027914373817004737,-0.4080430807107638,-0.8126856328468741
W,-1.4727217913639028,-0.5919952077230302,-0.1923960317465454,-0.39319286880553594,-0.2928957284565392,-0.3829246088411793,0.20005666695481006,-0.06370862580344516,0.2950771441900786,-0.06984972704662562,-3.3077210164538533,-0.22363727932111033,-0.8249623989936312
Y,-3.4916006694427604,0.1633780770342046,-0.30876808689844576,-1.630600917795264,-1.4007291488639555,-1.8170291962912555,-0.5332692255177021,-0.478021340528751,-0.41554057943927436,0.5061141482693725,-4.238241482355141,-0.3589984256041725,-1.027599319442924
