,Mean0,Mean1,Mean2
*,-4.444317208370792,,
A,-4.850032249941415,,
C,-4.237498420267513,,
D,1.1542573105808518,,
E,-5.662971395908092,,
F,-4.636308600328947,,
G,-5.4489231448404185,0.3198651875517795,
H,-4.423665764585486,,0.1385904393715256
I,-3.9414231952465024,,
K,-4.464113710986657,-0.2059301943842895,
L,-3.8410241070505613,,
M,-4.579641635852256,-0.4861133564056317,
N,-3.815750668707623,,
P,-4.33213854834754,,
Q,-4.610503245168224,,0.036247364508120494
R,-5.029328014802664,-0.41821467613084873,
S,-4.284474774053779,0.004805539582590335,
T,-5.3494967557395166,-0.16235421983674847,
V,-4.8757001433655,,
W,-4.769633246715918,0.058831746996733436,
Y,-4.6707392969977395,,
