,site_1,site_2,site_3,glu1_counts,gal1_counts,gc1_counts,grl1_counts,glu2_counts,gal2_counts,gc2_counts,grl2_counts,glu1_foldchange,gal1_foldchange,glu_gal1,glu1.1,gc1_foldchange,glu_gc1,glu1.2,grl1_foldchange,glu_grl1,glu2_foldchange,gal2_foldchange,glu_gal2,glu2.1,gc2_foldchange,glu_gc2,glu2.2,grl2_foldchange,glu_grl2,combined,AA
0,AAA,GCG,GGT,,2.0,,,,,,,,,,,,,,,,,,,,,,,,,AAAGCGGGT,KAG
1,AAA,GCT,GGT,3.0,6.0,6.0,,3.0,2.0,,,,,,,,,,,,,,,,,,,,,AAAGCTGGT,KAG
2,AAC,GCT,GGT,4.0,5.0,3.0,,,3.0,2.0,2.0,,,,,,,,,,,,,,,,,,,AACGCTGGT,NAG
3,AAG,AAG,GGT,2.0,2.0,8.0,3.0,,2.0,2.0,,,,,,,,,,,,,,,,,,,,AAGAAGGGT,KKG
4,AAG,AAT,GGT,4.0,2.0,3.0,,,,,6.0,,,,,,,,,,,,,,,,,,,AAGAATGGT,KNG
5,AAG,ACG,GGT,,4.0,,,,5.0,,,,,,,,,,,,,,,,,,,,,AAGACGGGT,KTG
6,AAG,ACT,GGT,3.0,3.0,3.0,4.0,5.0,3.0,,,,,,,,,,,,,,,,,,,,,AAGACTGGT,KTG
7,AAG,AGG,GGT,,4.0,2.0,2.0,,,,,,,,,,,,,,,,,,,,,,,AAGAGGGGT,KRG
8,AAG,AGT,GGT,3.0,3.0,2.0,3.0,,,,3.0,,,,,,,,,,,,,,,,,,,AAGAGTGGT,KSG
9,AAG,ATG,GGT,3.0,2.0,4.0,,,,,2.0,,,,,,,,,,,,,,,,,,,AAGATGGGT,KMG
10,AAG,ATT,GGT,4.0,,,,,,,,,,,,,,,,,,,,,,,,,,AAGATTGGT,KIG
11,AAG,CAG,GGT,7.0,5.0,3.0,2.0,2.0,,,,,,,,,,,,,,,,,,,,,,AAGCAGGGT,KQG
12,AAG,CAT,GGT,3.0,6.0,5.0,5.0,5.0,2.0,5.0,7.0,,,,,,,,,,,,,,,,,,,AAGCATGGT,KHG
13,AAG,CCG,GGT,4.0,,2.0,,,,,,,,,,,,,,,,,,,,,,,,AAGCCGGGT,KPG
14,AAG,CCT,GGT,19.0,15.0,21.0,12.0,13.0,11.0,5.0,16.0,,,,,,,,,,,,,,,,,,,AAGCCTGGT,KPG
15,AAG,CGG,GGT,,,,,21.0,,,,,,,,,,,,,,,,,,,,,,AAGCGGGGT,KRG
16,AAG,CGT,GGT,2.0,,4.0,3.0,,,,2.0,,,,,,,,,,,,,,,,,,,AAGCGTGGT,KRG
17,AAG,CTG,GGT,6.0,,,,,,,,,,,,,,,,,,,,,,,,,,AAGCTGGGT,KLG
18,AAG,CTT,GGT,,2.0,2.0,2.0,3.0,,,3.0,,,,,,,,,,,,,,,,,,,AAGCTTGGT,KLG
19,AAG,GAG,GGT,7.0,6.0,2.0,,3.0,3.0,,7.0,,,,,,,,,,,,,,,,,,,AAGGAGGGT,KEG
20,AAG,GAT,GGT,66.0,47.0,42.0,38.0,41.0,19.0,32.0,47.0,,,,,,,,,,,,,,,,,,,AAGGATGGT,KDG
21,AAG,GCG,GGT,5.0,2.0,6.0,4.0,3.0,2.0,4.0,3.0,,,,,,,,,,,,,,,,,,,AAGGCGGGT,KAG
22,AAG,GCT,GGT,1768.0,1928.0,3271.0,742.0,1075.0,1323.0,1116.0,1350.0,0.0013389324134483946,0.005692672455791734,-2.088022954302589,0.0013389324134483946,0.006466394910704048,-2.271878479093357,0.0013389324134483946,0.0010215643702578831,0.3903030249750241,0.0014139211387128976,0.005014877850008529,-1.8265129045478985,0.0014139211387128976,0.003452179884556135,-1.2878059855030877,0.0014139211387128976,0.001382597501287864,0.032320432806956845,AAGGCTGGT,KAG
23,AAG,GGG,GGT,16.0,3.0,,3.0,7.0,,,3.0,,,,,,,,,,,,,,,,,,,AAGGGGGGT,KGG
24,AAG,GGT,GGT,17.0,14.0,13.0,15.0,8.0,9.0,5.0,12.0,,,,,,,,,,,,,,,,,,,AAGGGTGGT,KGG
25,AAG,GTG,GGT,,2.0,3.0,2.0,2.0,5.0,3.0,,,,,,,,,,,,,,,,,,,,AAGGTGGGT,KVG
26,AAG,GTT,GGT,4.0,3.0,7.0,,3.0,3.0,,7.0,,,,,,,,,,,,,,,,,,,AAGGTTGGT,KVG
27,AAG,TAG,GGT,2.0,37.0,31.0,2.0,5.0,13.0,9.0,7.0,,,,,,,,,,,,,,,,,,,AAGTAGGGT,K*G
28,AAG,TAT,GGT,,8.0,4.0,,,,,,,,,,,,,,,,,,,,,,,,AAGTATGGT,KYG
29,AAG,TCG,GGT,,,,3.0,,,,4.0,,,,,,,,,,,,,,,,,,,AAGTCGGGT,KSG
30,AAG,TCT,GGT,8.0,6.0,9.0,6.0,6.0,9.0,4.0,6.0,,,,,,,,,,,,,,,,,,,AAGTCTGGT,KSG
31,AAG,TGG,GGT,,4.0,3.0,,,,,3.0,,,,,,,,,,,,,,,,,,,AAGTGGGGT,KWG
32,AAG,TGT,GGT,3.0,,2.0,,,,,2.0,,,,,,,,,,,,,,,,,,,AAGTGTGGT,KCG
33,AAG,TTG,GGT,,,5.0,,4.0,2.0,,2.0,,,,,,,,,,,,,,,,,,,AAGTTGGGT,KLG
34,AAG,TTT,GGT,2.0,,,,,,,2.0,,,,,,,,,,,,,,,,,,,AAGTTTGGT,KFG
35,AAT,AAT,GGT,,,2.0,,,,,,,,,,,,,,,,,,,,,,,,AATAATGGT,NNG
36,AAT,ACT,GGT,,,3.0,,,,,,,,,,,,,,,,,,,,,,,,AATACTGGT,NTG
37,AAT,CCT,GGT,3.0,,,,2.0,3.0,,5.0,,,,,,,,,,,,,,,,,,,AATCCTGGT,NPG
38,AAT,GAG,GGT,2.0,,,,,,,,,,,,,,,,,,,,,,,,,,AATGAGGGT,NEG
39,AAT,GAT,GGT,,3.0,2.0,7.0,,2.0,,5.0,,,,,,,,,,,,,,,,,,,AATGATGGT,NDG
40,AAT,GCT,GGT,368.0,1832.0,1312.0,144.0,181.0,1230.0,496.0,598.0,0.00027869181456391926,0.0054092198853788655,-4.278678009503989,0.00027869181456391926,0.002593674754767261,-3.218255042963081,0.00027869181456391926,0.0001982550799422307,0.4913127968190985,0.0002380648614949158,0.004662358091844664,-4.291633215889439,0.0002380648614949158,0.0015343021709138375,-2.6881560414543912,0.0002380648614949158,0.0006124394857556613,-1.3632126068465702,AATGCTGGT,NAG
41,AAT,GGT,GGT,,2.0,,,,3.0,,,,,,,,,,,,,,,,,,,,,AATGGTGGT,NGG
42,AAT,GTT,GGT,,,45.0,,,,,,,,,,,,,,,,,,,,,,,,AATGTTGGT,NVG
43,AAT,TAG,GGT,,,5.0,,,,,,,,,,,,,,,,,,,,,,,,AATTAGGGT,N*G
44,AAT,TCT,GGT,,3.0,3.0,,,,,2.0,,,,,,,,,,,,,,,,,,,AATTCTGGT,NSG
45,ACA,GCG,GGT,,137.0,33.0,12.0,,,9.0,,,,,,,,,,,,,,,,,,,,ACAGCGGGT,TAG
46,ACA,GCT,GGT,75.0,44.0,,17.0,,54.0,,,,,,,,,,,,,,,,,,,,,ACAGCTGGT,TAG
47,ACA,GGG,GGT,,,,,,23.0,28.0,,,,,,,,,,,,,,,,,,,,ACAGGGGGT,TGG
48,ACA,GTT,GGT,,,23.0,,,,,,,,,,,,,,,,,,,,,,,,ACAGTTGGT,TVG
49,ACG,GAT,GGT,,,2.0,,,,,,,,,,,,,,,,,,,,,,,,ACGGATGGT,TDG
50,ACG,GCT,GGT,282.0,462.0,1078.0,99.0,271.0,130.0,472.0,320.0,0.00021356274920387286,0.0013641154951119195,-2.675233866481321,0.00021356274920387286,0.0021310833732005392,-3.318855104755721,0.00021356274920387286,0.0001363003674602836,0.6478705745235818,0.00035643965450343746,0.0004927695544226069,-0.4672552744206264,0.00035643965450343746,0.0014600617432889748,-2.034299626158692,0.00035643965450343746,0.00032772681512008626,0.12116412673483624,ACGGCTGGT,TAG
51,ACG,GGT,GGT,,,2.0,,,,,,,,,,,,,,,,,,,,,,,,ACGGGTGGT,TGG
52,ACT,GAT,GGT,,5.0,2.0,,,,,,,,,,,,,,,,,,,,,,,,ACTGATGGT,TDG
53,ACT,GCT,GGT,116.0,1695.0,1034.0,121.0,52.0,847.0,327.0,179.0,8.784850676471368e-05,0.005004709446352172,-5.832124740360192,8.784850676471368e-05,0.002044100378376028,-4.540304469589373,8.784850676471368e-05,0.00016658933800701328,-0.9232063999426252,,,,,,,,,,ACTGCTGGT,TAG
54,ACT,TCT,GGT,,3.0,3.0,,,2.0,,,,,,,,,,,,,,,,,,,,,ACTTCTGGT,TSG
55,AGA,AAG,GGT,,,2.0,,,,,,,,,,,,,,,,,,,,,,,,AGAAAGGGT,RKG
56,AGA,ATG,GGT,,,52.0,,,,,,,,,,,,,,,,,,,,,,,,AGAATGGGT,RMG
57,AGA,CGG,GGT,,,26.0,,,,,,,,,,,,,,,,,,,,,,,,AGACGGGGT,RRG
58,AGA,CTG,GGT,,,,,,26.0,,,,,,,,,,,,,,,,,,,,,AGACTGGGT,RLG
59,AGA,GCT,GGT,2.0,2.0,4.0,,,,3.0,3.0,,,,,,,,,,,,,,,,,,,AGAGCTGGT,RAG
60,AGA,GTG,GGT,,,,7.0,,61.0,48.0,,,,,,,,,,,,,,,,,,,,AGAGTGGGT,RVG
61,AGC,ATG,GGT,,,,,,,70.0,,,,,,,,,,,,,,,,,,,,AGCATGGGT,SMG
62,AGC,GGG,GGT,,,34.0,,,,,,,,,,,,,,,,,,,,,,,,AGCGGGGGT,SGG
63,AGC,GTG,GGT,,31.0,220.0,,,,,,,,,,,,,,,,,,,,,,,,AGCGTGGGT,SVG
64,AGG,AGG,GGT,64.0,,25.0,,,,,,,,,,,,,,,,,,,,,,,,AGGAGGGGT,RRG
65,AGG,ATG,GGT,65.0,,,,,,2.0,,,,,,,,,,,,,,,,,,,,AGGATGGGT,RMG
66,AGG,CAG,GGT,2.0,3.0,5.0,,,3.0,2.0,,,,,,,,,,,,,,,,,,,,AGGCAGGGT,RQG
67,AGG,CAT,GGT,,,2.0,,,,,,,,,,,,,,,,,,,,,,,,AGGCATGGT,RHG
68,AGG,CGG,GGT,,50.0,36.0,,,,,,,,,,,,,,,,,,,,,,,,AGGCGGGGT,RRG
69,AGG,CGT,GGT,,,2.0,,,,,,,,,,,,,,,,,,,,,,,,AGGCGTGGT,RRG
70,AGG,CTG,GGT,214.0,299.0,601.0,130.0,131.0,195.0,266.0,142.0,0.00016206534868662696,0.0008828366515984069,-2.445570865261015,0.00016206534868662696,0.001188108633852991,-2.8740191887120474,0.00016206534868662696,0.00017898028050340268,-0.14322498442290946,0.00017230108760129265,0.0007391543316339101,-2.100943814958203,0.00017230108760129265,0.0008228314061755662,-2.2556650521144608,0.00017230108760129265,0.0001454287742095383,0.24461906230109604,AGGCTGGGT,RLG
71,AGG,CTT,GGT,,,2.0,,,,,,,,,,,,,,,,,,,,,,,,AGGCTTGGT,RLG
72,AGG,GAG,GGT,,2.0,6.0,,2.0,4.0,,,,,,,,,,,,,,,,,,,,,AGGGAGGGT,REG
73,AGG,GAT,GGT,5.0,4.0,,2.0,2.0,,2.0,3.0,,,,,,,,,,,,,,,,,,,AGGGATGGT,RDG
74,AGG,GCG,GGT,,44.0,,,,,,,,,,,,,,,,,,,,,,,,,AGGGCGGGT,RAG
75,AGG,GCT,GGT,683.0,19.0,328.0,271.0,439.0,134.0,129.0,462.0,,,,0.0005172459493129262,0.0006484186886918153,-0.32607523073000344,0.0005172459493129262,0.00037310504628017017,0.4712685691406158,0.0005774059347860112,0.0005079316945586869,0.1849514363315432,0.0005774059347860112,0.0003990422984836393,0.5330442559613822,0.0005774059347860112,0.0004731555893296245,0.28727126838762906,AGGGCTGGT,RAG
76,AGG,GGG,GGT,2.0,93.0,26.0,,32.0,2.0,,,,,,,,,,,,,,,,,,,,,AGGGGGGGT,RGG
77,AGG,GGT,GGT,2.0,4.0,,,3.0,,,,,,,,,,,,,,,,,,,,,,AGGGGTGGT,RGG
78,AGG,GTG,GGT,4.0,30.0,159.0,,,,3.0,29.0,,,,,,,,,,,,,,,,,,,AGGGTGGGT,RVG
79,AGG,GTT,GGT,,2.0,,,2.0,,,,,,,,,,,,,,,,,,,,,,AGGGTTGGT,RVG
80,AGG,TAG,GGT,,2.0,,,,,,,,,,,,,,,,,,,,,,,,,AGGTAGGGT,R*G
81,AGG,TGG,GGT,,,27.0,,,,57.0,,,,,,,,,,,,,,,,,,,,AGGTGGGGT,RWG
82,AGG,TTG,GGT,,69.0,,,,,29.0,,,,,,,,,,,,,,,,,,,,AGGTTGGGT,RLG
83,AGT,AGG,GGT,,,,,,41.0,,,,,,,,,,,,,,,,,,,,,AGTAGGGGT,SRG
84,AGT,CTG,GGT,,63.0,3.0,,,,,,,,,,,,,,,,,,,,,,,,AGTCTGGGT,SLG
85,AGT,GAT,GGT,,,2.0,,,2.0,,,,,,,,,,,,,,,,,,,,,AGTGATGGT,SDG
86,AGT,GCT,GGT,317.0,706.0,1404.0,209.0,245.0,438.0,527.0,533.0,0.00024006876417598485,0.0020845574449112887,-3.1182215205958315,0.00024006876417598485,0.0027755482894003315,-3.5312531845671646,0.00024006876417598485,0.000287745220193932,-0.2613442597370792,0.00032224249207875343,0.0016602543449007827,-2.365185623344648,0.00032224249207875343,0.0016301960565959527,-2.338826830785367,0.00032224249207875343,0.0005458699764343937,-0.7604106034882783,AGTGCTGGT,SAG
87,AGT,GGT,GGT,,,2.0,,,,,,,,,,,,,,,,,,,,,,,,AGTGGTGGT,SGG
88,AGT,TCT,GGT,2.0,,,,,,,,,,,,,,,,,,,,,,,,,,AGTTCTGGT,SSG
89,AGT,TGG,GGT,,,43.0,,,41.0,,,,,,,,,,,,,,,,,,,,,AGTTGGGGT,SWG
90,ATA,GCT,GGT,,3.0,3.0,,,2.0,,,,,,,,,,,,,,,,,,,,,ATAGCTGGT,IAG
91,ATG,CAG,GGT,,,,,,2.0,,,,,,,,,,,,,,,,,,,,,ATGCAGGGT,MQG
92,ATG,CAT,GGT,,,2.0,,,,,,,,,,,,,,,,,,,,,,,,ATGCATGGT,MHG
93,ATG,CTG,GGT,,,25.0,,,25.0,,,,,,,,,,,,,,,,,,,,,ATGCTGGGT,MLG
94,ATG,GAT,GGT,3.0,,3.0,,,,,,,,,,,,,,,,,,,,,,,,ATGGATGGT,MDG
95,ATG,GCT,GGT,451.0,565.0,1139.0,132.0,195.0,610.0,448.0,269.0,0.00034154893578349887,0.0016682364821173907,-2.288159611511228,0.00034154893578349887,0.0022516734342072488,-2.7208334028547405,0.00034154893578349887,0.00018173382328037806,0.9102653461013244,0.00025647871818513027,0.002312226370752232,-3.172371621446681,0.00025647871818513027,0.0013858213156641116,-2.433830226458716,0.00025647871818513027,0.00027549535396032254,-0.1031888685386857,ATGGCTGGT,MAG
96,ATG,TCT,GGT,,,2.0,,,,,,,,,,,,,,,,,,,,,,,,ATGTCTGGT,MSG
97,ATT,GAT,GGT,,2.0,4.0,,,,,2.0,,,,,,,,,,,,,,,,,,,ATTGATGGT,IDG
98,ATT,GCT,GGT,177.0,1609.0,1202.0,131.0,78.0,1508.0,592.0,464.0,0.00013404470428753722,0.004750783185357314,-5.147379238104507,0.00013404470428753722,0.002376217267705982,-4.147880625030197,0.00013404470428753722,0.0001803570518918904,-0.42814160925005496,,,,,,,,,,ATTGCTGGT,IAG
99,ATT,TCT,GGT,,2.0,2.0,,,20.0,,,,,,,,,,,,,,,,,,,,,ATTTCTGGT,ISG
100,CAA,AAT,GGT,,2.0,24.0,,,,,,,,,,,,,,,,,,,,,,,,CAAAATGGT,QNG
101,CAA,AGG,GGT,2.0,2.0,2.0,,,,9.0,12.0,,,,,,,,,,,,,,,,,,,CAAAGGGGT,QRG
102,CAA,AGT,GGT,4.0,,,,,,,,,,,,,,,,,,,,,,,,,,CAAAGTGGT,QSG
103,CAA,ATG,GGT,,2.0,,20.0,15.0,,,46.0,,,,,,,,,,,,,,,,,,,CAAATGGGT,QMG
104,CAA,CAT,GGT,,39.0,,,,,,,,,,,,,,,,,,,,,,,,,CAACATGGT,QHG
105,CAA,CGG,GGT,2.0,18.0,21.0,6.0,,,,,,,,,,,,,,,,,,,,,,,CAACGGGGT,QRG
106,CAA,GAG,GGT,,28.0,2.0,,,,,,,,,,,,,,,,,,,,,,,,CAAGAGGGT,QEG
107,CAA,GAT,GGT,5.0,2.0,4.0,12.0,,,,,,,,,,,,,,,,,,,,,,,CAAGATGGT,QDG
108,CAA,GCG,GGT,,52.0,,,26.0,,,,,,,,,,,,,,,,,,,,,,CAAGCGGGT,QAG
109,CAA,GCT,GGT,466.0,709.0,694.0,319.0,500.0,555.0,260.0,544.0,0.0003529086564858325,0.0020934153377366893,-2.568491850049293,0.0003529086564858325,0.0013719590547320727,-1.9588707023259904,0.0003529086564858325,0.0004391900729275804,-0.31555062690619096,0.0006576377389362315,0.0021037469438811287,-1.6775961793214231,0.0006576377389362315,0.0008042712992693505,-0.29038914651708936,0.0006576377389362315,0.0005571355857041467,0.23926462368007684,CAAGCTGGT,QAG
110,CAA,GGG,GGT,3.0,23.0,3.0,53.0,,,,38.0,,,,,,,,,,,,,,,,,,,CAAGGGGGT,QGG
111,CAA,GGT,GGT,5.0,45.0,24.0,5.0,16.0,3.0,,4.0,,,,,,,,,,,,,,,,,,,CAAGGTGGT,QGG
112,CAA,GTG,GGT,2.0,20.0,81.0,,,116.0,,,,,,,,,,,,,,,,,,,,,CAAGTGGGT,QVG
113,CAA,GTT,GGT,,2.0,36.0,,,,,,,,,,,,,,,,,,,,,,,,CAAGTTGGT,QVG
114,CAA,TAG,GGT,2.0,7.0,9.0,,,4.0,2.0,,,,,,,,,,,,,,,,,,,,CAATAGGGT,Q*G
115,CAA,TAT,GGT,,,2.0,,,,,2.0,,,,,,,,,,,,,,,,,,,CAATATGGT,QYG
116,CAA,TCT,GGT,,,2.0,,,4.0,2.0,,,,,,,,,,,,,,,,,,,,CAATCTGGT,QSG
117,CAA,TGG,GGT,3.0,,29.0,,,42.0,,2.0,,,,,,,,,,,,,,,,,,,CAATGGGGT,QWG
118,CAA,TGT,GGT,,,,5.0,,,,,,,,,,,,,,,,,,,,,,,CAATGTGGT,QCG
119,CAA,TTG,GGT,49.0,34.0,,,,,,,,,,,,,,,,,,,,,,,,,CAATTGGGT,QLG
120,CAC,AAG,GGT,,,2.0,,,,,,,,,,,,,,,,,,,,,,,,CACAAGGGT,HKG
121,CAC,ACG,GGT,,,2.0,,,,,,,,,,,,,,,,,,,,,,,,CACACGGGT,HTG
122,CAC,ACT,GGT,,,,,,2.0,,,,,,,,,,,,,,,,,,,,,CACACTGGT,HTG
123,CAC,AGG,GGT,,21.0,,,,,,,,,,,,,,,,,,,,,,,,,CACAGGGGT,HRG
124,CAC,ATG,GGT,,51.0,,,2.0,28.0,39.0,,,,,,,,,,,,,,,,,,,,CACATGGGT,HMG
125,CAC,CAT,GGT,,,,,2.0,,,,,,,,,,,,,,,,,,,,,,CACCATGGT,HHG
126,CAC,CCT,GGT,8.0,2.0,3.0,3.0,,,,,,,,,,,,,,,,,,,,,,,CACCCTGGT,HPG
127,CAC,CGG,GGT,,,,,,,21.0,,,,,,,,,,,,,,,,,,,,CACCGGGGT,HRG
128,CAC,CTG,GGT,,,47.0,,,,,,,,,,,,,,,,,,,,,,,,CACCTGGGT,HLG
129,CAC,CTT,GGT,,,2.0,,,,,,,,,,,,,,,,,,,,,,,,CACCTTGGT,HLG
130,CAC,GAG,GGT,,,,,2.0,,,,,,,,,,,,,,,,,,,,,,CACGAGGGT,HEG
131,CAC,GAT,GGT,6.0,8.0,4.0,4.0,12.0,4.0,3.0,6.0,,,,,,,,,,,,,,,,,,,CACGATGGT,HDG
132,CAC,GCT,GGT,404.0,267.0,320.0,204.0,210.0,182.0,149.0,332.0,0.00030595514424952,0.0007883524614607848,-1.3655206263998174,0.00030595514424952,0.0006326035987237222,-1.0479816065375775,0.00030595514424952,0.0002808613632514934,0.12346198298469704,0.00027620785035321725,0.0006898773761916494,-1.3205856252786177,0.00027620785035321725,0.00046090932150435847,-0.7387286209467607,0.00027620785035321725,0.0003400165706870895,-0.2998507334124749,CACGCTGGT,HAG
133,CAC,GGG,GGT,4.0,60.0,41.0,,,,,,,,,,,,,,,,,,,,,,,,CACGGGGGT,HGG
134,CAC,GGT,GGT,10.0,5.0,7.0,3.0,4.0,,2.0,7.0,,,,,,,,,,,,,,,,,,,CACGGTGGT,HGG
135,CAC,GTT,GGT,2.0,,,,,,,,,,,,,,,,,,,,,,,,,,CACGTTGGT,HVG
136,CAC,TAG,GGT,2.0,14.0,6.0,2.0,,7.0,4.0,,,,,,,,,,,,,,,,,,,,CACTAGGGT,H*G
137,CAC,TAT,GGT,2.0,,,,,,,3.0,,,,,,,,,,,,,,,,,,,CACTATGGT,HYG
138,CAC,TCG,GGT,2.0,,,,,,,,,,,,,,,,,,,,,,,,,,CACTCGGGT,HSG
139,CAC,TCT,GGT,13.0,6.0,11.0,6.0,4.0,2.0,3.0,5.0,,,,,,,,,,,,,,,,,,,CACTCTGGT,HSG
140,CAC,TGG,GGT,,,,2.0,,42.0,,,,,,,,,,,,,,,,,,,,,CACTGGGGT,HWG
141,CAC,TGT,GGT,2.0,,,,,,,,,,,,,,,,,,,,,,,,,,CACTGTGGT,HCG
142,CAC,TTG,GGT,2.0,97.0,,,,,,,,,,,,,,,,,,,,,,,,,CACTTGGGT,HLG
143,CAC,TTT,GGT,,,,,,,,2.0,,,,,,,,,,,,,,,,,,,CACTTTGGT,HFG
144,CAG,AAG,GGT,3320.0,1639.0,1806.0,1586.0,1626.0,985.0,828.0,1508.0,0.002514284848783185,0.0048393621136113354,-0.9446687903292288,0.002514284848783185,0.003570256560297008,-0.5058796456485801,0.002514284848783185,0.002183559422141513,0.20346631273470628,0.002138637927020625,0.003733677008509751,-0.8039048750147533,0.002138637927020625,0.002561294753057777,-0.2601810335750194,0.002138637927020625,0.0015444126162534064,0.4696340090746904,CAGAAGGGT,QKG
145,CAG,AAT,GGT,4146.0,2171.0,2294.0,1921.0,1527.0,1046.0,927.0,1621.0,0.003139826802125025,0.006410161774649302,-1.029675786969788,0.003139826802125025,0.004534977048350685,-0.5304102693084207,0.003139826802125025,0.002644777837284897,0.2475384396482845,0.0020084256547112512,0.003964899645584974,-0.9812192921961324,0.0020084256547112512,0.0028675365170103377,-0.5137467999794012,0.0020084256547112512,0.0016601411478426866,0.27475915154763797,CAGAATGGT,QNG
146,CAG,ACG,GGT,2420.0,1204.0,1221.0,954.0,1185.0,386.0,378.0,1529.0,0.001832701606643165,0.003554967653928033,-0.9558645220618018,0.001832701606643165,0.0024137781063802025,-0.3973211472274567,0.001832701606643165,0.0013134399046172782,0.4806217183608421,0.0015586014412788687,0.00146314652313174,0.09117780377149742,0.0015586014412788687,0.0011692867350915944,0.4146233014138261,0.0015586014412788687,0.0015659196884956622,-0.0067581673068559675,CAGACGGGT,QTG
147,CAG,ACT,GGT,3173.0,2334.0,2474.0,1619.0,1606.0,916.0,1044.0,2059.0,0.0024029595859003145,0.006891440618162814,-1.5199932172537682,0.0024029595859003145,0.004890816572632777,-1.025262973460742,0.0024029595859003145,0.0022289928779616074,0.10842037781946877,0.002112332417463176,0.0034721300911623675,-0.7169841133256725,0.002112332417463176,0.003229458601681546,-0.6124554372032929,0.002112332417463176,0.0021087172260383052,0.002471243153388869,CAGACTGGT,QTG
148,CAG,AGG,GGT,4275.0,2544.0,2204.0,1993.0,2062.0,1164.0,1199.0,1731.0,0.0032375204001650944,0.007511493115940959,-1.2142104280877897,0.0032375204001650944,0.004357057286209637,-0.428464798312544,0.0032375204001650944,0.002743905377256012,0.2386585520259619,0.002712098035373019,0.0044121827795993405,-0.7020832282862184,0.002712098035373019,0.0037089280300921204,-0.4515929441968378,0.002712098035373019,0.0017727972405402169,0.6133817882697965,CAGAGGGGT,QRG
149,CAG,AGT,GGT,3389.0,1128.0,1812.0,1970.0,1799.0,772.0,799.0,2553.0,0.0025665395640139194,0.0033305677023511802,-0.3759436083788561,0.0025665395640139194,0.0035821178777730774,-0.4809883129642501,0.0025665395640139194,0.0027122396353207946,-0.07966015065534647,0.002366180584692561,0.00292629304626348,-0.30651406876264004,0.002366180584692561,0.0024715875696777346,-0.06287783982721606,0.002366180584692561,0.002614645496879939,-0.14405517088730768,CAGAGTGGT,QSG
150,CAG,ATG,GGT,3461.0,1621.0,2815.0,1263.0,1443.0,652.0,811.0,1534.0,0.002621066223385121,0.004786214756658921,-0.8687313268161514,0.002621066223385121,0.005564934782522743,-1.0862109752041529,0.002621066223385121,0.0017388622636599815,0.592010144582293,0.001897942514569964,0.002471428842181074,-0.3809090724859221,0.001897942514569964,0.002508707783490166,-0.4025081378767972,0.001897942514569964,0.0015710404199819135,0.2727159972565936,CAGATGGGT,QMG
151,CAG,ATT,GGT,3232.0,1735.0,1980.0,2166.0,1596.0,970.0,808.0,2153.0,0.0024476411539961604,0.0051228146840242,-1.0655446421778871,0.0024476411539961604,0.003914234767103031,-0.677338226617187,0.0024476411539961604,0.0029820868274643858,-0.2849302026521361,0.0020991796626844508,0.00367681898299945,-0.8086325035981865,0.0020991796626844508,0.0024994277300370584,-0.2517721646801707,0.0020991796626844508,0.0022049869779798303,-0.07094448767655948,CAGATTGGT,QIG
152,CAG,CAG,GGT,3152.0,1302.0,1782.0,1866.0,1199.0,617.0,698.0,2005.0,0.002387055976917048,0.0038443254862245,-0.6874980911733175,0.002387055976917048,0.003522811290392728,-0.5614947964675547,0.002387055976917048,0.002569055410918073,-0.10600560919098534,0.0015770152979690832,0.002338760115990372,-0.5685472384812371,0.0015770152979690832,0.0021591591034231025,-0.4532729009461498,0.0015770152979690832,0.0020534133259867905,-0.38082739765973095,CAGCAGGGT,QQG
153,CAG,CAT,GGT,2346.0,985.0,1938.0,1618.0,1317.0,649.0,891.0,1217.0,0.0017766603178449856,0.002908341477673681,-0.7110287937792883,0.0017766603178449856,0.0038312055447705428,-1.1086305517885826,0.0017766603178449856,0.00222761610657312,-0.3263327521970716,0.0017322178043580338,0.0024600572370790143,-0.5060715404886675,0.0017322178043580338,0.0027561758755730434,-0.6700476094161285,0.0017322178043580338,0.0012463860437535786,0.4748693578111141,CAGCATGGT,QHG
154,CAG,CCG,GGT,1941.0,831.0,1243.0,1334.0,1244.0,384.0,563.0,1507.0,0.0014699478588819765,0.0024536363126363746,-0.7391564415207377,0.0014699478588819765,0.0024572696037924585,-0.7412911727408299,0.0014699478588819765,0.0018366130322426085,-0.3212827062665227,0.0016362026944733439,0.0014555654530637,0.16877176666340254,0.0016362026944733439,0.0017415566980332473,-0.09002596010035012,0.0016362026944733439,0.0015433884699561564,0.08425024880110676,CAGCCGGGT,QPG
155,CAG,CCT,GGT,3007.0,1282.0,1636.0,1488.0,1012.0,700.0,590.0,1641.0,0.002277245343461156,0.0037852728673884867,-0.7331075715087962,0.002277245343461156,0.00323418589847503,-0.506112874769757,0.002277245343461156,0.002048635826069717,0.1526261836703693,0.0013310587836069324,0.0026533745238140364,-0.9952540398840616,0.0013310587836069324,0.0018250771791112183,-0.45538318770561403,0.0013310587836069324,0.0016806240737876927,-0.3364227685510741,CAGCCTGGT,QPG
156,CAG,CGG,GGT,4282.0,1692.0,1755.0,1916.0,1408.0,736.0,826.0,2097.0,0.003242821603159517,0.00499585155352677,-0.6234809501984993,0.003242821603159517,0.0034694353617504147,-0.0974512292084242,0.003242821603159517,0.002637893980342458,0.2978630768537265,0.001851907872844428,0.0027898337850387573,-0.5911668401657586,0.001851907872844428,0.0025551080507557056,-0.46437197093286997,0.001851907872844428,0.0021476347853338147,-0.21373634719096835,CAGCGGGGT,QRG
157,CAG,CGT,GGT,2963.0,2452.0,2380.0,1513.0,1185.0,651.0,758.0,1749.0,0.0022439234960676432,0.007239851069295294,-1.689936530193557,0.0022439234960676432,0.004704989265507684,-1.068167941636033,0.0022439234960676432,0.0020830551107819096,0.1073224809489428,0.0015586014412788687,0.0024676383071470533,-0.6628788921260576,0.0015586014412788687,0.00234476017248526,-0.5891883125361925,0.0015586014412788687,0.0017912318738907214,-0.20070004986770407,CAGCGTGGT,QRG
158,CAG,CTG,GGT,2528.0,2065.0,2047.0,1130.0,1304.0,910.0,1122.0,1161.0,0.0019144915956999672,0.006097182894818428,-1.6711814955937625,0.0019144915956999672,0.004046686145585811,-1.0797796332483172,0.0019144915956999672,0.0015557516689911155,0.2993495330789511,0.0017151192231456918,0.0034493868809582482,-1.0080310836010238,0.0017151192231456918,0.00347073999146235,-1.0169344245284364,0.0017151192231456918,0.001189033851107563,0.52851907763384,CAGCTGGGT,QLG
159,CAG,CTT,GGT,2301.0,964.0,2279.0,1477.0,1016.0,671.0,699.0,1774.0,0.0017425811557379846,0.002846336227895867,-0.70788024546993,0.0017425811557379846,0.00450532375466051,-1.3704049354432168,0.0017425811557379846,0.0020334913407963518,-0.2227330003363015,0.0013363198855184224,0.002543449007827455,-0.9285207721740604,0.0013363198855184224,0.0021622524545741387,-0.6942695767539924,0.0013363198855184224,0.0018168355313219785,-0.4431624272605692,CAGCTTGGT,QLG
160,CAG,GAG,GGT,4530.0,2235.0,2605.0,2345.0,2111.0,1021.0,942.0,2959.0,0.0034306356521047678,0.006599130154924545,-0.943799958601141,0.0034306356521047678,0.005149788670860301,-0.5860373166342834,0.0034306356521047678,0.003228528906003687,0.0875989697352555,0.0027765465337887692,0.0038701362697344728,-0.4790927902766899,0.0027765465337887692,0.002913936784275877,-0.06967800441634964,0.0027765465337887692,0.003030448893563548,-0.126239937578438,CAGGAGGGT,QEG
161,CAG,GAT,GGT,6743.0,2884.0,4238.0,3199.0,3209.0,2319.0,2086.0,3865.0,0.0051065731130557285,0.008515387636153194,-0.7377167443768018,0.0051065731130557285,0.008378043910597297,-0.7142579844461006,0.0051065731130557285,0.004404291671772194,0.2134454474168024,0.0042207190084927355,0.008790250743892501,-1.0584155331102396,0.0042207190084927355,0.006452730501061018,-0.6124209863886803,0.0042207190084927355,0.003958325438872292,0.09259855573792564,CAGGATGGT,QDG
163,CAG,GCG,GGT,5070.0,3771.0,3110.0,2720.0,2444.0,1586.0,1105.0,3289.0,0.003839585597388779,0.011134371281530407,-1.5359975807150177,0.003839585597388779,0.0061481162250961756,-0.6791938275292706,0.003839585597388779,0.003744818176686579,0.036054937957398885,0.0032145332679202995,0.006011788563955803,-0.903184988631292,0.0032145332679202995,0.0034181530218947397,-0.08860770261078699,0.0032145332679202995,0.003368417171656137,-0.0674615427483456,CAGGCGGGT,QAG
165,CAG,GCT,GGT,1320455.0,338681.0,505846.0,726337.0,760297.0,263815.0,323274.0,976423.0,1.0,1.0,0.0,1.0,1.0,0.0,1.0,1.0,0.0,1.0,1.0,0.0,1.0,1.0,0.0,1.0,1.0,0.0,CAGGCTGGT,QAG
166,CAG,GGG,GGT,8797.0,4212.0,4594.0,4171.0,3575.0,1965.0,2361.0,4168.0,0.00666209753456195,0.012436481526864513,-0.9005300017859525,0.00666209753456195,0.009081815414177435,-0.4470042390761115,0.00666209753456195,0.00574251346138225,0.2142941420189937,0.004702109833394056,0.0074484013418494015,-0.6636225733388974,0.004702109833394056,0.007303402067595909,-0.6352604178262506,0.004702109833394056,0.0042686417669391226,0.13953114454293392,CAGGGGGGT,QGG
167,CAG,GGT,GGT,6812.0,4181.0,5056.0,3904.0,3175.0,1866.0,1822.0,4845.0,0.0051588278282864615,0.01234494996766869,-1.2588057858296526,0.0051588278282864615,0.009995136859834813,-0.9541830229005699,0.0051588278282864615,0.005374915500656032,-0.059198775679946365,0.00417599964224507,0.007073138373481417,-0.7602288970509115,0.00417599964224507,0.005636085797187525,-0.4325719854058825,0.00417599964224507,0.004961988810177557,-0.2487968934872251,CAGGGTGGT,QGG
170,CAG,GTG,GGT,3834.0,2069.0,3037.0,1578.0,2033.0,1449.0,1058.0,1824.0,0.002903544611516485,0.006108993418585632,-1.0731194856559174,0.002903544611516485,0.006003803529137325,-1.0480615659013193,0.002903544611516485,0.002172545251033611,0.4184289738590897,0.002673955046514717,0.005492485264295056,-1.03848388245824,0.002673955046514717,0.0032727655177960486,-0.2915350304200146,0.002673955046514717,0.0018680428461844921,0.5174476659483194,CAGGTGGGT,QVG
171,CAG,GTT,GGT,4512.0,2448.0,2579.0,2273.0,2408.0,1550.0,1092.0,2700.0,0.003417003987261967,0.007228040545528094,-1.080872667757915,0.003417003987261967,0.0050983896284640005,-0.577309699792429,0.003417003987261967,0.003129401366032572,0.12684522578534366,0.003167183350716891,0.00587532930273108,-0.8914693261479405,0.003167183350716891,0.003377939456931272,-0.09294308231087277,0.003167183350716891,0.002765195002575728,0.1958191650898371,CAGGTTGGT,QVG
173,CAG,TAG,GGT,7087.0,55161.0,43785.0,6018.0,3097.0,18526.0,11923.0,6017.0,0.005367089374495914,0.16287007538066794,-4.9234378346619305,0.005367089374495914,0.08655796428161931,-4.011454751813973,0.005367089374495914,0.008285410215919057,-0.6264332154301169,0.0040734081549710175,0.07022345204025549,-4.107644633324848,0.0040734081549710175,0.03688202577380178,-3.178609614531325,0.0040734081549710175,0.006162288270554872,-0.5972297934868624,CAGTAGGGT,Q*G
174,CAG,TAT,GGT,4424.0,1885.0,3455.0,2457.0,1632.0,1241.0,1260.0,2390.0,0.0033503602924749424,0.005565709325294303,-0.7322493153853777,0.0033503602924749424,0.006830141979970189,-1.027599319442924,0.0033503602924749424,0.003382727301514311,-0.013870629923060207,0.0021465295798878594,0.004704053977218885,-1.1318985609049037,0.0021465295798878594,0.0038976224503053133,-0.8605882945665044,0.0021465295798878594,0.0024477096504281442,-0.1894263806282872,CAGTATGGT,QYG
175,CAG,TCG,GGT,2360.0,1090.0,1162.0,864.0,952.0,506.0,500.0,921.0,0.00178726272383383,0.0032183677265627537,-0.8485774528791428,0.00178726272383383,0.002297141817865517,-0.3620882035573363,0.00178726272383383,0.001189530479653384,0.5873594842901326,0.0012521422549345849,0.0019180107272141465,-0.6152123141324104,0.0012521422549345849,0.0015466755755179818,-0.3047721395048661,0.0012521422549345849,0.0009432387397674984,0.40870359748493534,CAGTCGGGT,QSG
176,CAG,TCT,GGT,4938.0,2368.0,2757.0,2220.0,2544.0,1503.0,1469.0,2796.0,0.0037396200552082415,0.006991830070184038,-0.9027784219502264,0.0037396200552082415,0.005450275380254071,-0.5434374252694196,0.0037396200552082415,0.003056432482442723,0.2910430021097099,0.0033460608157075463,0.005697174156132139,-0.7677828413780521,0.0033460608157075463,0.00454413284087183,-0.4415413434226467,0.0033460608157075463,0.002863513047111754,0.2246774901772461,CAGTCTGGT,QSG
177,CAG,TGG,GGT,3650.0,2472.0,2477.0,1761.0,2385.0,1322.0,1165.0,2567.0,0.002764198704234525,0.0072989036881313096,-1.400818456713691,0.002764198704234525,0.004896747231370811,-0.8249623989936312,0.002764198704234525,0.0024244944151268627,0.18917739702793127,0.0031369320147258237,0.005011087314974507,-0.6757694133608609,0.0031369320147258237,0.0036037540909568968,-0.2001463067994909,0.0031369320147258237,0.002628983545041442,0.25484915058578217,CAGTGGGGT,QWG
178,CAG,TGT,GGT,4172.0,2021.0,2261.0,2440.0,1900.0,892.0,889.0,2696.0,0.003159516984675737,0.0059672671333791975,-0.917366341324028,0.003159516984675737,0.0044697398022323,-0.5004868286337745,0.003159516984675737,0.00335932218791002,-0.08846614772608596,0.00249902340795768,0.0033811572503458865,-0.4361526994480371,0.00249902340795768,0.0027499891732709713,-0.13806152376218073,0.00249902340795768,0.0027610984173867268,-0.1438778976952193,CAGTGTGGT,QCG
179,CAG,TTG,GGT,3528.0,1515.0,2474.0,1774.0,1760.0,823.0,817.0,1574.0,0.002671806309188878,0.0044732358768280476,-0.7435034102668503,0.002671806309188878,0.004890816572632777,-0.8722599338208594,0.002671806309188878,0.002442392443177203,0.12952039346085442,0.0023148848410555352,0.003119610332998502,-0.4304254096430089,0.0023148848410555352,0.002527267890396382,-0.12663817277174694,0.0023148848410555352,0.0016120062718719243,0.5220830682855002,CAGTTGGGT,QLG
180,CAG,TTT,GGT,4722.0,1956.0,2372.0,2356.0,1615.0,815.0,1251.0,2790.0,0.0035760400770946383,0.005775346122162154,-0.6915445061876495,0.0035760400770946383,0.004689174175539592,-0.390970962719372,0.0035760400770946383,0.003243673391277052,0.14073434460257772,0.002124169896764028,0.0030892860527263425,-0.5403743022831957,0.002124169896764028,0.00386978228994599,-0.8653532427352548,0.002124169896764028,0.0028573681693282523,-0.4277877768669356,CAGTTTGGT,QFG
183,CAT,AAG,GGT,3.0,6.0,2.0,,,5.0,,2.0,,,,,,,,,,,,,,,,,,,CATAAGGGT,HKG
184,CAT,AAT,GGT,7.0,5.0,,,,,,,,,,,,,,,,,,,,,,,,,CATAATGGT,HNG
185,CAT,ACG,GGT,3.0,3.0,,,,,,,,,,,,,,,,,,,,,,,,,CATACGGGT,HTG
186,CAT,ACT,GGT,2.0,2.0,2.0,2.0,29.0,,3.0,4.0,,,,,,,,,,,,,,,,,,,CATACTGGT,HTG
187,CAT,AGG,GGT,3.0,5.0,39.0,3.0,2.0,,,,,,,,,,,,,,,,,,,,,,CATAGGGGT,HRG
188,CAT,AGT,GGT,3.0,2.0,2.0,4.0,,,,8.0,,,,,,,,,,,,,,,,,,,CATAGTGGT,HSG
189,CAT,ATG,GGT,7.0,62.0,126.0,,3.0,,,,,,,,,,,,,,,,,,,,,,CATATGGGT,HMG
190,CAT,ATT,GGT,3.0,,,,,,,3.0,,,,,,,,,,,,,,,,,,,CATATTGGT,HIG
191,CAT,CAG,GGT,2.0,3.0,,4.0,,,,5.0,,,,,,,,,,,,,,,,,,,CATCAGGGT,HQG
192,CAT,CAT,GGT,3.0,,7.0,3.0,4.0,,2.0,2.0,,,,,,,,,,,,,,,,,,,CATCATGGT,HHG
193,CAT,CCG,GGT,2.0,3.0,4.0,2.0,2.0,4.0,5.0,4.0,,,,,,,,,,,,,,,,,,,CATCCGGGT,HPG
194,CAT,CCT,GGT,19.0,13.0,21.0,23.0,12.0,10.0,10.0,23.0,,,,,,,,,,,,,,,,,,,CATCCTGGT,HPG
195,CAT,CGG,GGT,8.0,2.0,,,,3.0,,4.0,,,,,,,,,,,,,,,,,,,CATCGGGGT,HRG
196,CAT,CGT,GGT,5.0,14.0,4.0,4.0,2.0,,2.0,4.0,,,,,,,,,,,,,,,,,,,CATCGTGGT,HRG
197,CAT,CTG,GGT,3.0,3.0,2.0,2.0,,6.0,2.0,,,,,,,,,,,,,,,,,,,,CATCTGGGT,HLG
198,CAT,CTT,GGT,2.0,22.0,7.0,,,2.0,,3.0,,,,,,,,,,,,,,,,,,,CATCTTGGT,HLG
199,CAT,GAG,GGT,8.0,3.0,2.0,6.0,,,,6.0,,,,,,,,,,,,,,,,,,,CATGAGGGT,HEG
200,CAT,GAT,GGT,23.0,14.0,11.0,14.0,12.0,26.0,19.0,19.0,,,,,,,,,,,,,,,,,,,CATGATGGT,HDG
201,CAT,GCG,GGT,8.0,7.0,7.0,,5.0,5.0,2.0,7.0,,,,,,,,,,,,,,,,,,,CATGCGGGT,HAG
202,CAT,GCT,GGT,3144.0,1772.0,1894.0,1352.0,1546.0,1374.0,1067.0,2115.0,0.002380997459209136,0.005232062028870825,-1.1358135637604692,0.002380997459209136,0.003744222549946031,-0.6531001076117882,0.002380997459209136,0.0018613949172353878,0.3551819081808194,0.002033415888790828,0.005208195136743551,-1.3568781876392957,0.002033415888790828,0.003300605678155373,-0.6988254750503007,0.002033415888790828,0.0021660694186843204,-0.0911741638141379,CATGCTGGT,HAG
203,CAT,GGG,GGT,9.0,24.0,8.0,4.0,,45.0,2.0,7.0,,,,,,,,,,,,,,,,,,,CATGGGGGT,HGG
204,CAT,GGT,GGT,7.0,7.0,4.0,8.0,3.0,3.0,3.0,10.0,,,,,,,,,,,,,,,,,,,CATGGTGGT,HGG
205,CAT,GTG,GGT,4.0,,2.0,,3.0,6.0,36.0,3.0,,,,,,,,,,,,,,,,,,,CATGTGGGT,HVG
206,CAT,GTT,GGT,4.0,165.0,29.0,13.0,2.0,2.0,2.0,,,,,,,,,,,,,,,,,,,,CATGTTGGT,HVG
207,CAT,TAG,GGT,6.0,60.0,57.0,5.0,2.0,17.0,16.0,6.0,,,,,,,,,,,,,,,,,,,CATTAGGGT,H*G
208,CAT,TAT,GGT,5.0,,18.0,2.0,2.0,2.0,2.0,3.0,,,,,,,,,,,,,,,,,,,CATTATGGT,HYG
209,CAT,TCG,GGT,2.0,4.0,,,2.0,,,,,,,,,,,,,,,,,,,,,,CATTCGGGT,HSG
210,CAT,TCT,GGT,22.0,15.0,15.0,7.0,8.0,4.0,6.0,12.0,,,,,,,,,,,,,,,,,,,CATTCTGGT,HSG
211,CAT,TGG,GGT,6.0,204.0,19.0,2.0,,,,3.0,,,,,,,,,,,,,,,,,,,CATTGGGGT,HWG
212,CAT,TGT,GGT,,,4.0,5.0,2.0,,,3.0,,,,,,,,,,,,,,,,,,,CATTGTGGT,HCG
213,CAT,TTG,GGT,3.0,,38.0,2.0,,,,,,,,,,,,,,,,,,,,,,,CATTTGGGT,HLG
214,CAT,TTT,GGT,5.0,3.0,,,,6.0,,,,,,,,,,,,,,,,,,,,,CATTTTGGT,HFG
215,CCA,GCT,GGT,,2.0,3.0,,,,,4.0,,,,,,,,,,,,,,,,,,,CCAGCTGGT,PAG
216,CCA,GGG,GGT,,2.0,43.0,,,,,,,,,,,,,,,,,,,,,,,,CCAGGGGGT,PGG
217,CCA,GGT,GGT,,,,,,,15.0,,,,,,,,,,,,,,,,,,,,CCAGGTGGT,PGG
218,CCC,GCT,GGT,3.0,,2.0,,,,,,,,,,,,,,,,,,,,,,,,CCCGCTGGT,PAG
219,CCG,ACT,GGT,,,2.0,,,,,,,,,,,,,,,,,,,,,,,,CCGACTGGT,PTG
220,CCG,AGG,GGT,,,38.0,,,,,,,,,,,,,,,,,,,,,,,,CCGAGGGGT,PRG
221,CCG,CAG,GGT,,,2.0,,,,,,,,,,,,,,,,,,,,,,,,CCGCAGGGT,PQG
222,CCG,CCG,GGT,2.0,,,,,,,2.0,,,,,,,,,,,,,,,,,,,CCGCCGGGT,PPG
223,CCG,CCT,GGT,,2.0,2.0,,,,,,,,,,,,,,,,,,,,,,,,CCGCCTGGT,PPG
224,CCG,CGG,GGT,,,,,,,3.0,,,,,,,,,,,,,,,,,,,,CCGCGGGGT,PRG
225,CCG,GAT,GGT,5.0,3.0,,,,,3.0,2.0,,,,,,,,,,,,,,,,,,,CCGGATGGT,PDG
226,CCG,GCG,GGT,4.0,4.0,3.0,,2.0,,,,,,,,,,,,,,,,,,,,,,CCGGCGGGT,PAG
227,CCG,GCT,GGT,738.0,1706.0,2084.0,378.0,420.0,607.0,879.0,659.0,0.0005588982585548163,0.00503718838671198,-3.1719611027219514,0.0005588982585548163,0.0041198309366882405,-2.881927550620121,0.0005588982585548163,0.0005204195848483557,0.10291042404372064,0.0005524157007064345,0.0023008547656501715,-2.058343691335603,0.0005524157007064345,0.002719055661760612,-2.2992794556280027,0.0005524157007064345,0.0006749124098879277,-0.2889459570736026,CCGGCTGGT,PAG
228,CCG,GGG,GGT,,360.0,,,,,,,,,,,,,,,,,,,,,,,,,CCGGGGGGT,PGG
229,CCG,GGT,GGT,6.0,,4.0,4.0,2.0,3.0,,,,,,,,,,,,,,,,,,,,,CCGGGTGGT,PGG
230,CCG,GTT,GGT,,,,,,,19.0,,,,,,,,,,,,,,,,,,,,CCGGTTGGT,PVG
231,CCG,TAG,GGT,,,,,,,2.0,,,,,,,,,,,,,,,,,,,,CCGTAGGGT,P*G
232,CCT,GAT,GGT,,,2.0,,,,,,,,,,,,,,,,,,,,,,,,CCTGATGGT,PDG
233,CCT,GCT,GGT,370.0,803.0,1538.0,76.0,230.0,921.0,550.0,502.0,0.0002802064439908971,0.002370962646265955,-3.08091089446506,0.0002802064439908971,0.00304045104636589,-3.4397233218475254,0.0002802064439908971,0.0001046346255250662,1.4211297892771242,0.0003025133599106665,0.003491082766332468,-3.5286037978930036,0.0003025133599106665,0.0017013431330697795,-2.4916033756183698,0.0003025133599106665,0.0005141214412196354,-0.7651103227380691,CCTGCTGGT,PAG
234,CCT,TCT,GGT,2.0,,3.0,,,,,,,,,,,,,,,,,,,,,,,,CCTTCTGGT,PSG
235,CGA,ATG,GGT,,28.0,,,,,,,,,,,,,,,,,,,,,,,,,CGAATGGGT,RMG
236,CGA,CGG,GGT,,66.0,12.0,,,,,,,,,,,,,,,,,,,,,,,,CGACGGGGT,RRG
237,CGA,CTG,GGT,,,57.0,,,,,,,,,,,,,,,,,,,,,,,,CGACTGGGT,RLG
238,CGA,GCT,GGT,,,,,2.0,,,,,,,,,,,,,,,,,,,,,,CGAGCTGGT,RAG
239,CGA,TGG,GGT,,63.0,,,,,,,,,,,,,,,,,,,,,,,,,CGATGGGGT,RWG
240,CGC,AAT,GGT,,,,11.0,,,,,,,,,,,,,,,,,,,,,,,CGCAATGGT,RNG
241,CGC,AGG,GGT,,,,,,16.0,,,,,,,,,,,,,,,,,,,,,CGCAGGGGT,RRG
242,CGC,GAG,GGT,,2.0,,,,,,,,,,,,,,,,,,,,,,,,,CGCGAGGGT,REG
243,CGC,GGG,GGT,,24.0,,15.0,21.0,,,,,,,,,,,,,,,,,,,,,,CGCGGGGGT,RGG
244,CGC,GTG,GGT,,66.0,,2.0,,,,,,,,,,,,,,,,,,,,,,,CGCGTGGGT,RVG
245,CGC,TGG,GGT,7.0,7.0,4.0,2.0,8.0,3.0,3.0,7.0,,,,,,,,,,,,,,,,,,,CGCTGGGGT,RWG
246,CGG,AAT,GGT,17.0,6.0,,,,,,,,,,,,,,,,,,,,,,,,,CGGAATGGT,RNG
247,CGG,AGG,GGT,,2.0,,,,,,,,,,,,,,,,,,,,,,,,,CGGAGGGGT,RRG
248,CGG,AGT,GGT,,,,,2.0,,,,,,,,,,,,,,,,,,,,,,CGGAGTGGT,RSG
249,CGG,ATG,GGT,4.0,37.0,3.0,,,,,3.0,,,,,,,,,,,,,,,,,,,CGGATGGGT,RMG
250,CGG,CAG,GGT,,6.0,6.0,2.0,,2.0,2.0,2.0,,,,,,,,,,,,,,,,,,,CGGCAGGGT,RQG
251,CGG,CAT,GGT,,,,,2.0,,,,,,,,,,,,,,,,,,,,,,CGGCATGGT,RHG
252,CGG,CCT,GGT,3.0,,,2.0,,,,,,,,,,,,,,,,,,,,,,,CGGCCTGGT,RPG
253,CGG,CGT,GGT,2.0,2.0,,,2.0,,,,,,,,,,,,,,,,,,,,,,CGGCGTGGT,RRG
254,CGG,CTG,GGT,207.0,816.0,582.0,37.0,68.0,206.0,214.0,172.0,0.0001567641456922046,0.0024093468485093645,-3.941974561936228,0.0001567641456922046,0.0011505477951787699,-2.8756533798109682,0.0001567641456922046,5.094054137404538e-05,1.6217094340747715,,,,,,,,,,CGGCTGGGT,RLG
255,CGG,CTT,GGT,,,2.0,,,,,,,,,,,,,,,,,,,,,,,,CGGCTTGGT,RLG
256,CGG,GAG,GGT,3.0,2.0,3.0,3.0,3.0,3.0,,4.0,,,,,,,,,,,,,,,,,,,CGGGAGGGT,REG
257,CGG,GAT,GGT,12.0,5.0,5.0,2.0,6.0,5.0,3.0,8.0,,,,,,,,,,,,,,,,,,,CGGGATGGT,RDG
258,CGG,GCG,GGT,,4.0,,,,,,,,,,,,,,,,,,,,,,,,,CGGGCGGGT,RAG
259,CGG,GCT,GGT,1241.0,364.0,476.0,432.0,884.0,291.0,363.0,1051.0,0.0009398275594397383,0.0010747576628154518,-0.19354341753239626,0.0009398275594397383,0.0009409978531015367,-0.0017953575795957024,0.0009398275594397383,0.0005947652398266921,0.6600757401712869,0.0011627035224392574,0.0011030456948998351,0.07599071373710586,0.0011627035224392574,0.0011228864678260546,0.05027120324495904,0.0011627035224392574,0.0010763777584100334,0.11129878569758134,CGGGCTGGT,RAG
260,CGG,GGG,GGT,13.0,3.0,40.0,2.0,6.0,24.0,,4.0,,,,,,,,,,,,,,,,,,,CGGGGGGGT,RGG
261,CGG,GGT,GGT,17.0,6.0,11.0,5.0,4.0,7.0,3.0,8.0,,,,,,,,,,,,,,,,,,,CGGGGTGGT,RGG
262,CGG,GTG,GGT,,5.0,4.0,2.0,,83.0,,3.0,,,,,,,,,,,,,,,,,,,CGGGTGGGT,RVG
263,CGG,GTT,GGT,,3.0,2.0,,2.0,,,3.0,,,,,,,,,,,,,,,,,,,CGGGTTGGT,RVG
264,CGG,TAG,GGT,3.0,6.0,14.0,,,,2.0,3.0,,,,,,,,,,,,,,,,,,,CGGTAGGGT,R*G
265,CGG,TCT,GGT,,,,2.0,,,,,,,,,,,,,,,,,,,,,,,CGGTCTGGT,RSG
266,CGG,TGG,GGT,,,,,29.0,10.0,,,,,,,,,,,,,,,,,,,,,CGGTGGGGT,RWG
267,CGG,TTG,GGT,,19.0,80.0,,,,,,,,,,,,,,,,,,,,,,,,CGGTTGGGT,RLG
268,CGG,TTT,GGT,,2.0,,,,,,,,,,,,,,,,,,,,,,,,,CGGTTTGGT,RFG
269,CGT,AGG,GGT,,37.0,,,,,,,,,,,,,,,,,,,,,,,,,CGTAGGGGT,RRG
270,CGT,ATG,GGT,,,,,,,17.0,32.0,,,,,,,,,,,,,,,,,,,CGTATGGGT,RMG
271,CGT,GAT,GGT,,,,,2.0,,,,,,,,,,,,,,,,,,,,,,CGTGATGGT,RDG
272,CGT,GCT,GGT,302.0,28.0,140.0,149.0,418.0,119.0,103.0,280.0,,,,0.00022870904347365112,0.00027676407444162846,-0.2751432720218965,0.00022870904347365112,0.00020513893688466924,0.15691206106731492,0.0005497851497506895,0.0004510736690483861,0.28550486602689595,0.0005497851497506895,0.0003186151685567042,0.7870529867469411,0.0005497851497506895,0.0002867609632300755,0.9390192954042432,CGTGCTGGT,RAG
273,CGT,GGG,GGT,,,52.0,,,,34.0,,,,,,,,,,,,,,,,,,,,CGTGGGGGT,RGG
274,CGT,TGG,GGT,,74.0,,,,,,,,,,,,,,,,,,,,,,,,,CGTTGGGGT,RWG
275,CGT,TTG,GGT,,50.0,,,,,,,,,,,,,,,,,,,,,,,,,CGTTTGGGT,RLG
278,CTA,ATG,GGT,,,,,,,12.0,,,,,,,,,,,,,,,,,,,,CTAATGGGT,LMG
279,CTC,GCT,GGT,,2.0,,,,,,2.0,,,,,,,,,,,,,,,,,,,CTCGCTGGT,LAG
280,CTG,AAT,GGT,,,,2.0,,,,,,,,,,,,,,,,,,,,,,,CTGAATGGT,LNG
281,CTG,AGG,GGT,,2.0,,2.0,,,,,,,,,,,,,,,,,,,,,,,CTGAGGGGT,LRG
282,CTG,AGT,GGT,2.0,,2.0,,,,,3.0,,,,,,,,,,,,,,,,,,,CTGAGTGGT,LSG
283,CTG,ATT,GGT,,2.0,,,,,,,,,,,,,,,,,,,,,,,,,CTGATTGGT,LIG
284,CTG,CAT,GGT,,2.0,,,,,,,,,,,,,,,,,,,,,,,,,CTGCATGGT,LHG
285,CTG,CCT,GGT,2.0,,,2.0,,,,,,,,,,,,,,,,,,,,,,,CTGCCTGGT,LPG
286,CTG,CTG,GGT,,2.0,,,,,,,,,,,,,,,,,,,,,,,,,CTGCTGGGT,LLG
287,CTG,GAT,GGT,3.0,2.0,3.0,3.0,2.0,2.0,,4.0,,,,,,,,,,,,,,,,,,,CTGGATGGT,LDG
288,CTG,GCG,GGT,,,,,,,,2.0,,,,,,,,,,,,,,,,,,,CTGGCGGGT,LAG
289,CTG,GCT,GGT,522.0,263.0,329.0,298.0,449.0,409.0,239.0,471.0,0.0003953182804412116,0.0007765419376935817,-0.9740491701864756,0.0003953182804412116,0.000650395574937827,-0.7183027715673678,0.0003953182804412116,0.0004102778737693385,-0.0535866816878805,0.0005905586895647359,0.001550328828914201,-1.392421900946644,0.0005905586895647359,0.0007393109250975952,-0.32410079139032355,0.0005905586895647359,0.000482372906004877,0.2919315653966912,CTGGCTGGT,LAG
290,CTG,GGG,GGT,,,,,,,,2.0,,,,,,,,,,,,,,,,,,,CTGGGGGGT,LGG
291,CTG,GGT,GGT,4.0,2.0,5.0,,3.0,2.0,3.0,3.0,,,,,,,,,,,,,,,,,,,CTGGGTGGT,LGG
292,CTG,GTG,GGT,2.0,3.0,,,,,2.0,,,,,,,,,,,,,,,,,,,,CTGGTGGGT,LVG
293,CTG,TAG,GGT,2.0,20.0,10.0,,,4.0,2.0,,,,,,,,,,,,,,,,,,,,CTGTAGGGT,L*G
294,CTG,TCT,GGT,,,2.0,,,,,,,,,,,,,,,,,,,,,,,,CTGTCTGGT,LSG
295,CTG,TGT,GGT,,,,,,,,2.0,,,,,,,,,,,,,,,,,,,CTGTGTGGT,LCG
296,CTT,GCT,GGT,130.0,,276.0,92.0,128.0,73.0,82.0,282.0,,,,9.845091275355844e-05,0.0005456206038992104,-2.4704216381517234,9.845091275355844e-05,0.0001266629677408696,-0.3635183008241611,0.00016835526116767526,0.00027670905748346377,-0.7168610616260587,0.00016835526116767526,0.000253654794384949,-0.5913576227688058,0.00016835526116767526,0.00028880925582457605,-0.7786081721304647,CTTGCTGGT,LAG
297,CTT,TGG,GGT,,,,,,3.0,20.0,,,,,,,,,,,,,,,,,,,,CTTTGGGGT,LWG
298,GAA,GCT,GGT,,,2.0,,,,3.0,,,,,,,,,,,,,,,,,,,,GAAGCTGGT,EAG
299,GAG,CCT,GGT,,,,,,,,2.0,,,,,,,,,,,,,,,,,,,GAGCCTGGT,EPG
300,GAG,CTG,GGT,,63.0,,,,,,,,,,,,,,,,,,,,,,,,,GAGCTGGGT,ELG
301,GAG,GAT,GGT,,,,,,2.0,,,,,,,,,,,,,,,,,,,,,GAGGATGGT,EDG
302,GAG,GCT,GGT,227.0,247.0,487.0,268.0,400.0,156.0,376.0,441.0,0.0001719104399619828,0.0007292998426247707,-2.0848549217578203,0.0001719104399619828,0.0009627436018076649,-2.485494469193437,0.0001719104399619828,0.0003689747321147071,-1.1018648609624595,0.0005261101911489852,0.000591323465307128,-0.1685825318335663,0.0005261101911489852,0.0011631000327895222,-1.144538280053636,0.0005261101911489852,0.0004516485170873688,0.22016452448553106,GAGGCTGGT,EAG
303,GAG,GGT,GGT,,,,,,,,2.0,,,,,,,,,,,,,,,,,,,GAGGGTGGT,EGG
304,GAG,GTG,GGT,,,2.0,,,,,,,,,,,,,,,,,,,,,,,,GAGGTGGGT,EVG
305,GAG,TAG,GGT,,,2.0,,,3.0,2.0,,,,,,,,,,,,,,,,,,,,GAGTAGGGT,E*G
306,GAG,TCT,GGT,,,2.0,,,,,,,,,,,,,,,,,,,,,,,,GAGTCTGGT,ESG
307,GAG,TGT,GGT,,,,,,,2.0,,,,,,,,,,,,,,,,,,,,GAGTGTGGT,ECG
308,GAT,GAT,GGT,,2.0,,,,,,,,,,,,,,,,,,,,,,,,,GATGATGGT,DDG
309,GAT,GCT,GGT,431.0,921.0,1076.0,168.0,322.0,444.0,694.0,495.0,0.0003264026415137207,0.002719373097398437,-3.0585494644662963,0.0003264026415137207,0.002127129600708516,-2.704183297869536,0.0003264026415137207,0.00023129759326593575,0.4969024785147358,0.00042351870387493306,0.0016829975551049033,-1.9905354909815325,0.00042351870387493306,0.0021467856988189584,-2.3416805926143667,0.00042351870387493306,0.0005069524171388834,-0.25942465658402725,GATGCTGGT,DAG
310,GAT,GGT,GGT,2.0,2.0,2.0,,,,,,,,,,,,,,,,,,,,,,,,GATGGTGGT,DGG
311,GCG,GCT,GGT,225.0,31.0,150.0,310.0,184.0,122.0,187.0,630.0,0.00017039581053500497,9.153155919582143e-05,0.8965487033661041,0.00017039581053500497,0.00029653293690174484,-0.7993024936808535,0.00017039581053500497,0.000426799130431191,-1.3246673718528044,0.0002420106879285332,0.0004624452741504464,-0.9342118842519156,0.0002420106879285332,0.0005784566652437251,-1.2571381219813451,0.0002420106879285332,0.0006452121672676697,-1.4147028820619385,GCGGCTGGT,AAG
312,GCG,GGG,GGT,,,16.0,,,,,,,,,,,,,,,,,,,,,,,,GCGGGGGGT,AGG
313,GCT,GCT,GGT,52.0,128.0,229.0,113.0,174.0,65.0,131.0,177.0,,,,,,,,,,0.0002288579331498085,0.00024638477721130344,-0.10646081992577017,0.0002288579331498085,0.0004052290007857112,-0.8242851238394451,0.0002288579331498085,0.0001812738946132977,0.33628112603405746,GCTGCTGGT,AAG
314,GCT,GGT,GGT,,,,19.0,,,,,,,,,,,,,,,,,,,,,,,GCTGGTGGT,AGG
315,GGA,ATG,GGT,,,15.0,,,,,,,,,,,,,,,,,,,,,,,,GGAATGGGT,GMG
316,GGA,GCT,GGT,,,23.0,,,,,,,,,,,,,,,,,,,,,,,,GGAGCTGGT,GAG
317,GGC,TGG,GGT,23.0,107.0,103.0,15.0,13.0,22.0,9.0,18.0,,,,,,,,,,,,,,,,,,,GGCTGGGGT,GWG
318,GGG,AAT,GGT,,37.0,,,,,,,,,,,,,,,,,,,,,,,,,GGGAATGGT,GNG
319,GGG,CTG,GGT,4.0,2.0,4.0,2.0,4.0,15.0,25.0,4.0,,,,,,,,,,,,,,,,,,,GGGCTGGGT,GLG
320,GGG,GCT,GGT,1069.0,224.0,416.0,574.0,465.0,285.0,412.0,800.0,0.0008095694287196457,0.0006613893309633549,0.29165503819882943,0.0008095694287196457,0.0008223846783408389,-0.02265857482261069,0.0008095694287196457,0.0007902667769919473,0.034815053249200645,0.0006116030972106952,0.0010803024846957148,-0.8207677058027532,0.0006116030972106952,0.0012744606742268168,-1.0592192393385478,0.0006116030972106952,0.0008193170378002157,-0.4218261035110036,GGGGCTGGT,GAG
321,GGG,GGT,GGT,,,,,2.0,,,,,,,,,,,,,,,,,,,,,,GGGGGTGGT,GGG
322,GGG,TCT,GGT,,,2.0,,,,,,,,,,,,,,,,,,,,,,,,GGGTCTGGT,GSG
323,GGG,TGG,GGT,,128.0,83.0,,,,,,,,,,,,,,,,,,,,,,,,GGGTGGGGT,GWG
324,GGT,ACT,GGT,,,,16.0,,,,,,,,,,,,,,,,,,,,,,,GGTACTGGT,GTG
325,GGT,GCT,GGT,252.0,75.0,224.0,215.0,234.0,46.0,182.0,627.0,0.00019084330779920559,0.0002214473206350519,-0.214574944460022,0.00019084330779920559,0.00044282251910660557,-1.2143399929596974,0.00019084330779920559,0.0002960058485248583,-0.6332370838851471,0.00030777446182215633,0.00017436461156492241,0.8197662607803498,0.00030777446182215633,0.0005629899094885452,-0.8712355387660136,0.00030777446182215633,0.000642139728375919,-1.0610137329503058,GGTGCTGGT,GAG
326,GGT,GGG,GGT,,,46.0,,,,,,,,,,,,,,,,,,,,,,,,GGTGGGGGT,GGG
327,GGT,TCT,GGT,,,,3.0,,,,,,,,,,,,,,,,,,,,,,,GGTTCTGGT,GSG
328,GTA,ATG,GGT,,,,,,10.0,,,,,,,,,,,,,,,,,,,,,GTAATGGGT,VMG
329,GTA,GCT,GGT,,,,,,,2.0,,,,,,,,,,,,,,,,,,,,GTAGCTGGT,VAG
330,GTC,TGG,GGT,,66.0,90.0,,,,,,,,,,,,,,,,,,,,,,,,GTCTGGGGT,VWG
331,GTG,CTG,GGT,,,35.0,10.0,,,,,,,,,,,,,,,,,,,,,,,GTGCTGGGT,VLG
332,GTG,GCT,GGT,206.0,35.0,359.0,179.0,162.0,187.0,157.0,509.0,0.00015600683097871567,0.0001033420829630242,0.5941813327741947,0.00015600683097871567,0.0007097021623181759,-2.1856045010418423,0.00015600683097871567,0.00024644207853930064,-0.6596394078766394,0.000213074627415339,0.0007088300513617497,-1.734080959749054,0.000213074627415339,0.00048565613071264616,-1.1885763641577238,0.000213074627415339,0.0005212904653003872,-1.290728662922742,GTGGCTGGT,VAG
333,GTG,GGT,GGT,,10.0,,,,,,,,,,,,,,,,,,,,,,,,,GTGGGTGGT,VGG
334,GTT,ACT,GGT,,,,6.0,,,,,,,,,,,,,,,,,,,,,,,GTTACTGGT,VTG
335,GTT,GCT,GGT,152.0,8.0,169.0,107.0,281.0,214.0,310.0,219.0,,,,0.00011511183645031448,0.0003340937755759658,-1.5372169172406078,0.00011511183645031448,0.00014731453856818528,-0.35586363075316285,0.0003695924092821621,0.0008111744972802911,-1.1340771689262643,0.0003695924092821621,0.0009589388568211486,-1.3755037032040338,0.0003695924092821621,0.00022428803909780903,0.7205824408880801,GTTGCTGGT,VAG
337,TAA,GCT,GGT,,,2.0,,,,,,,,,,,,,,,,,,,,,,,,TAAGCTGGT,*AG
338,TAC,AGG,GGT,,46.0,,,,,,,,,,,,,,,,,,,,,,,,,TACAGGGGT,YRG
339,TAC,GCT,GGT,2.0,2.0,,,,,,,,,,,,,,,,,,,,,,,,,TACGCTGGT,YAG
340,TAG,AGT,GGT,,59.0,,,,,,,,,,,,,,,,,,,,,,,,,TAGAGTGGT,*SG
341,TAG,CAG,GGT,2.0,,77.0,,,,,,,,,,,,,,,,,,,,,,,,TAGCAGGGT,*QG
342,TAG,CCT,GGT,,3.0,2.0,,,,,,,,,,,,,,,,,,,,,,,,TAGCCTGGT,*PG
343,TAG,GAG,GGT,3.0,,,,,,,3.0,,,,,,,,,,,,,,,,,,,TAGGAGGGT,*EG
344,TAG,GAT,GGT,6.0,7.0,5.0,2.0,,2.0,,2.0,,,,,,,,,,,,,,,,,,,TAGGATGGT,*DG
345,TAG,GCG,GGT,,,,,2.0,,2.0,,,,,,,,,,,,,,,,,,,,TAGGCGGGT,*AG
346,TAG,GCT,GGT,1202.0,4033.0,3350.0,609.0,607.0,2315.0,1354.0,1321.0,0.0009102922856136713,0.011907960588282187,-3.709452687158748,0.0009102922856136713,0.006622568924138967,-2.8629891939233216,0.0009102922856136713,0.0008384537755890172,0.11859860500925025,0.000798372215068585,0.00877508860375642,-3.45828027463796,0.000798372215068585,0.004188397458502694,-2.391264935470037,0.000798372215068585,0.0013528972586676065,-0.760918864722818,TAGGCTGGT,*AG
347,TAG,GGG,GGT,3.0,,9.0,,,,,,,,,,,,,,,,,,,,,,,,TAGGGGGGT,*GG
348,TAG,GGT,GGT,,,3.0,3.0,21.0,,2.0,40.0,,,,,,,,,,,,,,,,,,,TAGGGTGGT,*GG
349,TAG,GTG,GGT,,2.0,2.0,,,,,,,,,,,,,,,,,,,,,,,,TAGGTGGGT,*VG
350,TAG,TAG,GGT,,11.0,16.0,,23.0,3.0,3.0,,,,,,,,,,,,,,,,,,,,TAGTAGGGT,**G
351,TAG,TAT,GGT,,,2.0,,,,,,,,,,,,,,,,,,,,,,,,TAGTATGGT,*YG
352,TAG,TCT,GGT,4.0,5.0,3.0,,,,,2.0,,,,,,,,,,,,,,,,,,,TAGTCTGGT,*SG
353,TAG,TGG,GGT,,3.0,,,,,,,,,,,,,,,,,,,,,,,,,TAGTGGGGT,*WG
354,TAG,TTG,GGT,,,,2.0,,,,,,,,,,,,,,,,,,,,,,,TAGTTGGGT,*LG
355,TAG,TTT,GGT,2.0,,,,,,,,,,,,,,,,,,,,,,,,,,TAGTTTGGT,*FG
356,TAT,GAT,GGT,,,,,,,2.0,,,,,,,,,,,,,,,,,,,,TATGATGGT,YDG
357,TAT,GCT,GGT,281.0,209.0,262.0,155.0,150.0,105.0,246.0,292.0,0.000212805434490384,0.0006170998668363445,-1.5359689893240152,0.000212805434490384,0.0005179441964550473,-1.2832616757185349,0.000212805434490384,0.0002133995652155955,-0.0040222428489151705,0.00019729132168086943,0.0003980061785721055,-1.0124633299162848,0.00019729132168086943,0.000760964383154847,-1.9475014329940823,0.00019729132168086943,0.00029905071879707875,-0.6000626881158091,TATGCTGGT,YAG
358,TAT,GGG,GGT,37.0,,,,,,,,,,,,,,,,,,,,,,,,,,TATGGGGGT,YGG
359,TCG,GCT,GGT,144.0,92.0,50.0,69.0,192.0,87.0,34.0,121.0,0.0001090533187424032,0.0002716420466456636,-1.3166731320787584,0.0001090533187424032,9.88443123005816e-05,0.1418038172655791,0.0001090533187424032,9.49972258056522e-05,0.1990763868685405,0.0002525328917515129,0.00032977654795974447,-0.3850174978736137,0.0002525328917515129,0.00010517393913522276,1.263694041320095,0.0002525328917515129,0.00012392170196728262,1.0270424437148904,TCGGCTGGT,SAG
360,TCT,GCT,GGT,139.0,155.0,168.0,111.0,117.0,129.0,101.0,196.0,0.00010526674517495865,0.0004576577959791072,-2.1202195100147883,0.00010526674517495865,0.00033211688932995416,-1.6576413444572626,0.00010526674517495865,0.00015282162412213614,-0.5377989514222019,0.00015388723091107814,0.0004889790193885867,-1.6678990385858916,0.00015388723091107814,0.0003124284662546323,-1.021652381319111,0.00015388723091107814,0.0002007326742610528,-0.3834019442634755,TCTGCTGGT,SAG
361,TCT,GTG,GGT,,,,,,,,36.0,,,,,,,,,,,,,,,,,,,TCTGTGGGT,SVG
362,TGG,GCT,GGT,372.0,167.0,117.0,254.0,226.0,141.0,126.0,292.0,0.00028172107341787483,0.0004930893672807153,-0.8075816588300775,0.00028172107341787483,0.00023129569078336095,0.28452909712261665,0.00028172107341787483,0.0003496999326758791,-0.31185003345973605,0.0002972522579991766,0.0005344654397968273,-0.8464088927296487,0.0002972522579991766,0.0003897622450305314,-0.39090657923545,0.0002972522579991766,0.00029905071879707875,-0.008702416196500806,TGGGCTGGT,WAG
363,TGT,GCT,GGT,318.0,113.0,238.0,163.0,299.0,51.0,117.0,303.0,0.00024082607888947368,0.0003336472964234781,-0.4703321845948896,0.00024082607888947368,0.00047049892655076837,-0.9661998024255976,0.00024082607888947368,0.00022441373632349718,0.1018306432576761,0.0003932673678838664,0.00019331728673502264,1.0245398294805668,0.0003932673678838664,0.0003619220846712077,0.1198313364639798,0.0003932673678838664,0.00031031632806683166,0.3417708709934821,TGTGCTGGT,CAG
364,TTC,GCT,GGT,2.0,,,,,,,,,,,,,,,,,,,,,,,,,,TTCGCTGGT,FAG
365,TTG,CTG,GGT,,,,,,53.0,,,,,,,,,,,,,,,,,,,,,TTGCTGGGT,LLG
366,TTG,GCT,GGT,315.0,30.0,138.0,106.0,209.0,90.0,52.0,183.0,,,,0.000238554134749007,0.0002728103019496052,-0.1935814327929002,0.000238554134749007,0.00014593776717969755,0.7089634060284773,0.00027489257487534475,0.00034114815306180465,-0.3115304669948351,0.00027489257487534475,0.0001608542598538701,0.7731137957890688,0.00027489257487534475,0.0001874187723967993,0.5526024740651678,TTGGCTGGT,LAG
367,TTT,GAT,GGT,,,,,,,,2.0,,,,,,,,,,,,,,,,,,,TTTGATGGT,FDG
368,TTT,GCT,GGT,55.0,6.0,163.0,164.0,127.0,88.0,109.0,236.0,,,,,,,,,,0.0001670399856898028,0.00033356708299376464,-0.9977834346111738,0.0001670399856898028,0.00033717527546292,-1.0133052561554816,0.0001670399856898028,0.00024169852615106362,-0.5330151823213479,TTTGCTGGT,FAG
