,Mean0,Mean1,Mean2,Mean3,Mean4,Mean5,Mean6,Mean7,Mean8,Mean9
*,-1.654286220243806,-1.6330414716741906,-1.633422352502117,-1.2006215692375939,-1.2094255123855975,-1.8482373698228718,-0.9831224201336348,-1.4331624589732779,-1.2545886106173167,-1.163918142148301
A,-1.864468220545409,-0.20336868984823311,0.8311570729501455,-0.8947063425877397,0.02364737463774691,-1.0134489765513022,-1.2943129401936047,-2.1957717858883603,0.5379280031593877,0.6128164461652839
C,-1.4849497405309764,-0.307052353069696,0.22125750590022855,-1.3714792078516866,-1.4682763757814015,-0.063780036389123,-0.9582020315919749,-1.4082469920300107,0.0783549050653658,0.3041281126058288
D,-1.3488363766505662,0.2625490624824384,-0.09921527747534964,-1.4005258751326304,-0.9742517473308745,-1.260182905308076,-1.2240825149216947,-1.7505633316409566,-0.3183671198448863,-0.3606234170356144
E,-1.4578851802716912,1.164004145096539,-0.2820639793685811,-1.1534709202112898,-1.6423356700126315,-1.2398832878110595,-1.028615353077009,-1.6765673049520073,-0.9272030812505214,0.7931983992694711
F,-0.23752627261054313,0.07443291165516142,-0.21823069237885773,-1.2263750573179575,-1.2568051584335151,-1.6932887218329087,-1.3271373826229897,-1.4570315238344678,-0.13527178647683366,
G,-1.4745553869081416,-0.06531389797399167,-0.07974465449549684,-0.10325453142580733,-0.776873367208364,-1.450464612764624,-0.06420296289688772,-1.6884315317933447,0.19598238195198414,-0.1934244351737803
H,-1.14033645803927,0.0035704236965659053,0.6181329936987099,-0.556546720918988,-1.5085822811980574,-1.1339660577261474,-0.7835975989240143,-1.3993773064889001,-1.5587264070930162,-0.38636534736571715
I,-1.7479179773904632,0.1305824723601535,0.25313391125064144,-0.8729527451485879,-1.215107068605726,-1.204517904288596,-1.1256252526603534,-1.6735643847121962,0.20172104816559067,
K,-2.1972871374128546,0.1537194440503115,-0.1492607360603173,-0.6056670623065754,-1.3351213010103713,-1.7841657539725972,-1.1992015640446074,-1.3874663865827261,,1.3842827503067907
L,0.044914801550467794,-0.08096415155197167,0.48806768798218914,-0.7395659100611612,-1.437653339337879,-1.1185777269034454,-1.0367323373827304,-1.3247777637098925,0.6889140105659006,-1.4160590534324653
M,-0.06953211601186471,0.2556210668217134,0.14497574665382493,-0.08262590929170521,-1.4607543876122355,-1.0774171644720032,-1.1942720810863328,-1.5805471408153595,,
N,-1.5747598816955302,0.12285590483216668,-0.07810264374982734,-0.31050331384991203,-1.033161672354148,-1.2509680859850738,-0.8088941505685698,-1.5127414752592907,-0.3521084206796396,
P,-0.9412824811492735,-1.2356387119913486,0.8402460619701895,0.27998283087294595,-1.0160245310641158,-0.055902930049231615,-1.0477610208172798,-0.900124163154161,1.0860253628806316,-0.17528467780733856
Q,0.29619882289082144,-0.2687782180537437,0.8146307369448582,-0.663360305192566,-1.6150799484116178,-0.4405713053195157,-0.3722873349068039,-1.6320390299556884,-0.3301508854803137,0.03332989747382342
R,-1.5230843031564278,0.1637215385181504,0.19271304859929092,-0.3679930825416732,-1.4301435593218457,-1.107696229855533,-0.7830993984624964,-1.2441063071459706,-0.8433204023164466,-0.2602613372979574
S,-1.2162059485260017,0.27724391948476884,0.2312733863199544,-0.20780389690030152,0.1186314523646516,-1.0213017209076538,-1.3146399130380926,0.10402462224368951,1.4302381871465624,-0.09672253086471905
T,-1.393679843056624,0.23195962999395653,0.3226747972337384,-0.28589589601863885,-1.5647801934501957,-1.0674305472357348,-0.3575650744363347,-0.5265274036751705,1.4797913715874884,-0.7180422225211138
V,-1.4966815278620467,0.25773403282970153,-0.011944873234815872,-0.9157144712311746,-1.5964786550756225,-1.405812255937103,-1.0919775421565108,-2.122609454433976,-0.1602308194753467,-0.6302635841581914
W,-1.4340319422752614,-0.9901321692763037,0.13101219341102177,-0.9527887641487297,-1.5836734415948597,-1.5906240111622831,-1.3943150743184576,-1.4487101833371105,,
Y,-1.3249026110682982,-0.2789169632129662,-0.2743739969214902,-0.5042897539738931,-0.9347475055423509,-1.6558681799564325,-0.924621003771747,-1.1075501172133082,,-0.18501971928911054
