,site_1,site_2,site_3,count_x,proportion_x,count_y,proportion_y,ratio
0,TGC,AAG,GGG,563,0.00026157905471927177,261,0.0002136367356961611,0.2920872797338472
1,TGC,AAG,GCG,5,2.323082191112538e-06,3,2.4555946631742652e-06,-0.08003224161029365
2,TGC,AAT,GGT,962,0.0004469610135700523,163,0.00013342064336580175,1.7441670937624671
3,TGC,ACG,GGG,1137,0.0005282688902589911,101,8.26716869935336e-05,2.6758072203639536
4,TGC,ACT,GGG,4,1.8584657528900304e-06,112,9.167553409183924e-05,-5.624352757834101
5,TGC,AGG,GGG,547,0.00025414519170771166,367,0.00030040108046165177,-0.2412370658271552
6,TGC,AGT,GGG,4,1.8584657528900304e-06,2,1.6370631087828435e-06,0.18300216422350246
7,TGC,AGT,GGT,2,9.292328764450152e-07,103,8.430875010231645e-05,-6.503498362959716
8,TGC,ATT,GGG,619,0.0002875975752597322,298,0.0002439224032086437,0.23762924297560417
9,TGC,ATT,GGT,606,0.0002815575615628396,510,0.0004174510927396251,-0.5681772891624064
10,TGC,ATT,GCG,2,9.292328764450152e-07,2,1.6370631087828435e-06,-0.8169978357764975
11,TGC,CAG,GGA,653,0.0003033945341592975,200,0.00016370631087828436,0.890085155995207
12,TGC,CAG,GGC,637,0.0002959606711477373,60,4.9111893263485306e-05,2.591261130871283
13,TGC,CAG,GGG,3,1.3938493146675228e-06,53,4.338217238274535e-05,-4.959955789618542
14,TGC,CAG,GGT,3,1.3938493146675228e-06,98,8.021609233035933e-05,-5.8467451791705525
15,TGC,CAT,GGA,4,1.8584657528900304e-06,109,8.921993942866497e-05,-5.585182160553424
16,TGC,CCG,GGT,565,0.0002625082875957168,325,0.0002660227551772121,-0.01918668638976584
17,TGC,CCG,GGC,2,9.292328764450152e-07,126,0.00010313497585331915,-6.794277759276413
18,TGC,CCG,GGA,7,3.2523150675575534e-06,285,0.00023328149300155522,-6.164461022771
19,TGC,CCG,GGG,2,9.292328764450152e-07,617,0.0005050339690595072,-9.086124514925915
20,TGC,CCT,GGT,6,2.7876986293350456e-06,208,0.00017025456331341574,-5.932475053196436
21,TGC,CCT,GTT,2,9.292328764450152e-07,2,1.6370631087828435e-06,-0.8169978357764975
22,TGC,CCT,GGG,2,9.292328764450152e-07,474,0.00038798395678153394,-8.705741084674758
23,TGC,CGG,GGA,634,0.0002945668218330698,264,0.00021609233035933535,0.44694707500445396
24,TGC,CGG,GGG,139,6.458168491292856e-05,284,0.00023246296144716378,-1.8478038825576721
25,TGC,CGT,GGG,5,2.323082191112538e-06,107,8.758287631988213e-05,-5.236536727290282
26,TGC,CTG,GGC,2,9.292328764450152e-07,214,0.00017516575263976425,-7.558464822177644
27,TGC,GAG,GGG,4,1.8584657528900304e-06,320,0.000261930097405255,-7.138925930663859
28,TGC,GAT,GGA,536,0.0002490344108872641,110,9.00384709830564e-05,1.4677316411566146
29,TGC,GAT,GGG,1320,0.00061329369845371,617,0.0005050339690595072,0.28019769931989913
30,TGC,GAT,GGT,671,0.0003117576300473026,304,0.0002488335925349922,0.32524360698010035
31,TGC,GAT,GCG,10,4.646164382225076e-06,2,1.6370631087828435e-06,1.5049302591108642
32,TGC,GCG,GGA,973,0.0004520717943904999,59,4.829336170909388e-05,3.2266551096427722
33,TGC,GCG,GGC,614,0.00028527449306861965,60,4.9111893263485306e-05,2.5382064139851614
34,TGC,GCG,GGG,460,0.0002137235615823535,327,0.0002676598182859949,-0.3246546103302066
35,TGC,GCT,GGT,1652,0.0007675463559435826,225,0.0001841695997380699,2.0592189444259095
36,TGC,GCT,GGG,1029,0.0004780903149309603,106,8.67643447654907e-05,2.462108976554271
37,TGC,GCT,GGA,6,2.7876986293350456e-06,105,8.59458132110993e-05,-4.946280852721467
38,TGC,GGG,GGT,1027,0.0004771610820545153,713,0.0005836129982810837,-0.29053563590219156
39,TGC,GGG,GGG,1113,0.0005171180957416509,650,0.0005320455103544242,-0.04105586635035685
40,TGC,GGG,GGC,247,0.00011476026024095938,88,7.203077678644512e-05,0.6719377771708803
41,TGC,GGG,GCG,3,1.3938493146675228e-06,3,2.4555946631742652e-06,-0.8169978357765011
42,TGC,GGG,GGA,7,3.2523150675575534e-06,180,0.00014733567979045593,-5.501496010048571
43,TGC,GGG,GCA,2,9.292328764450152e-07,2,1.6370631087828435e-06,-0.8169978357764975
44,TGC,GGG,GCT,2,9.292328764450152e-07,4,3.274126217565687e-06,-1.8169978357764975
45,TGC,GGG,GTT,2,9.292328764450152e-07,3,2.4555946631742652e-06,-1.4019603364976554
46,TGC,GGT,GGG,1432,0.0006653307395346309,596,0.0004878448064172874,0.4476494210255968
47,TGC,GGT,GGC,610,0.00028341602731572963,355,0.00029057870180895475,-0.03600761771829397
48,TGC,GGT,GGA,51,2.3695438349347888e-05,72,5.893427191618237e-05,-1.3144974952473145
49,TGC,GGT,GGT,7,3.2523150675575534e-06,472,0.00038634689367275107,-6.892285963080736
50,TGC,GTG,GGT,639,0.00029688990402418233,196,0.00016043218466071867,0.8879644410552867
51,TGC,GTG,GGG,1893,0.0008795189175552069,629,0.0005148563477122044,0.7725446530479161
52,TGC,GTG,GGA,7,3.2523150675575534e-06,176,0.00014406155357289023,-5.469074532356194
53,TGC,GTG,GCG,4,1.8584657528900304e-06,3,2.4555946631742652e-06,-0.4019603364976554
54,TGC,GTT,GGG,1300,0.0006040013696892598,524,0.000428910534501105,0.4938750706018684
55,TGC,GTT,GGC,612,0.00028434526019217464,105,8.59458132110993e-05,1.7261444892500304
56,TGC,GTT,GGA,4,1.8584657528900304e-06,33,2.701154129491692e-05,-3.861391955134952
57,TGC,TAG,GGG,641,0.0002978191369006274,1889,0.0015462061062453958,-2.376224275546127
58,TGC,TAG,GTG,2,9.292328764450152e-07,5,4.092657771957109e-06,-2.1389259306638593
59,TGC,TAG,GCG,6,2.7876986293350456e-06,5,4.092657771957109e-06,-0.553963429942705
60,TAG,TAG,GGT,2,9.292328764450152e-07,11,9.00384709830564e-06,-3.276429454413794
61,TGC,TAG,GGA,4,1.8584657528900304e-06,1454,0.0011901448800851274,-9.322809389696092
62,TGC,TAG,GGT,9,4.181547944002568e-06,1070,0.0008758287631988214,-7.710467915622695
63,GGG,TAG,GGT,2,9.292328764450152e-07,2,1.6370631087828435e-06,-0.8169978357764975
64,TGC,TAT,GGG,5,2.323082191112538e-06,76,6.220839813374805e-05,-4.742997254332721
65,TGC,TAT,GGT,5,2.323082191112538e-06,107,8.758287631988213e-05,-5.236536727290282
66,ACG,TCG,GGT,674,0.0003131514793619701,51,4.174510927396251e-05,2.9071816034338642
67,TAT,TCG,GGT,1201,0.0005580043423052317,215,0.0001759842841941557,1.6648297503396758
68,GCG,TCG,GGT,579,0.0002690129177308319,324,0.0002652042236228207,0.02057169932811398
69,GAG,TCG,GGT,641,0.0002978191369006274,1324,0.0010837357780142424,-1.8635046959649753
70,TGG,TCG,GGT,1861,0.0008646511915320867,3268,0.0026749611197511665,-1.6293277638630297
71,ATG,TCG,GGT,608,0.0002824867944392846,2,1.6370631087828435e-06,7.430929677667088
72,TGC,TCG,TTT,596,0.00027691139718061453,790,0.0006466399279692232,-1.223538158378803
73,GGG,TCG,GGT,3137,0.0014575017667040064,3529,0.0028885978554473277,-0.9868717367126205
74,TGC,TCG,AAG,645,0.0002996776026535174,2,1.6370631087828435e-06,7.516157514534118
75,TGC,TCG,GCT,345,0.00016029267118676513,189,0.00015470246377997872,0.051212291667960486
76,TGC,TCG,GGT,2072,0.0009626852599970357,1073,0.0008782843578619956,0.13237609115353344
77,TGC,TCG,CGG,939,0.00043627483549093463,701,0.0005737906196283867,-0.3952871221333467
78,AGG,TCG,GGT,1600,0.0007433863011560122,1051,0.0008602766636653842,-0.2106885999639534
79,TGC,TCG,CGT,700,0.0003252315067557553,103,8.430875010231645e-05,1.9477127488726111
80,TGC,TCG,GAT,2008,0.0009329498079507952,1740,0.001424244904641074,-0.6103258725618161
81,AGT,TCG,GGT,509,0.00023648976705525638,318,0.0002602930342964721,-0.138358944985157
82,TGC,TCG,TTG,564,0.00026204367115749427,1113,0.0009110256200376525,-1.797684360719666
83,TGC,TCG,GGG,1999,0.0009287682600067927,1456,0.0011917819431939102,-0.3597297192305664
84,TGC,TCG,CTT,687,0.0003191914930588627,235,0.00019235491528198412,0.7306515064766028
85,TGC,TCG,ACG,1884,0.0008753373696112043,479,0.00039207661455349104,1.1587035681001048
86,TGC,TCG,GGA,662,0.0003075760821033,112,9.167553409183924e-05,1.7463346489731162
87,TGC,TCG,GTG,1547,0.0007187616299302193,1048,0.00085782106900221,-0.25516335586491223
88,TGC,TCG,GAG,468,0.00021744049308813356,2038,0.0016681673078497176,-2.9395714523589085
89,TGC,TCG,TAG,338,0.00015704035611920756,1920,0.0015715805844315298,-3.3230089951028337
90,ATT,TCG,GGT,1205,0.0005598628080581217,193,0.0001579765899975444,1.8253625580727455
91,TGC,TCG,TGG,1564,0.0007266601093800019,1912,0.0015650323319963985,-1.1068398464498959
92,TGC,TCG,GTT,988,0.0004590410409638375,515,0.0004215437505115822,0.12294077373759826
93,TAG,TCG,GGT,616,0.0002862037259450647,14517,0.01188262257510027,-5.375667019679552
94,TGC,TCG,TAT,4,1.8584657528900304e-06,421,0.0003446017843987886,-7.5346742588428945
95,TGC,TCG,TGT,682,0.0003168684108677502,1133,0.0009273962511254809,-1.549302052572843
96,CGT,TCG,GGT,567,0.00026343752047216183,173,0.00014160595890971598,0.895578861529005
97,TGC,TCG,CCT,620,0.0002880621916979547,156,0.0001276909224850618,1.1737243506354904
98,TGT,TCG,GGT,127,5.900628765425846e-05,273,0.00022345911434885814,-1.9210702899241845
99,TTT,TCG,GGT,535,0.00024856979444904157,366,0.00029958254890726036,-0.26930259277203206
100,CAG,TCG,GGT,636,0.0002954960547095148,116,9.494966030940493e-05,1.6379041243802845
101,GCT,TCG,GGT,746,0.00034660386291399066,100,8.185315543914218e-05,2.0821777947040143
102,TGC,TCG,TCT,348,0.00016168652050143264,351,0.00028730457559138906,-0.8293815602323313
103,GTT,TCG,GGT,271,0.00012591105475829955,302,0.0002471965294262094,-0.9732535337477053
104,TGC,TCG,GGC,9,4.181547944002568e-06,291,0.00023819268232790373,-5.83194817724247
105,CCG,TCG,GGT,2,9.292328764450152e-07,2742,0.0022444135221412784,-11.238010691555724
106,TGC,TCG,CCG,4,1.8584657528900304e-06,6,4.9111893263485305e-06,-1.4019603364976554
107,TGC,TCG,TCG,10,4.646164382225076e-06,447,0.00036588360481296556,-6.299200762072454
108,GGG,TCG,GCT,17,7.89847944978263e-06,8,6.548252435131374e-06,0.27046500547384156
109,GAG,TCG,GCT,4,1.8584657528900304e-06,5,4.092657771957109e-06,-1.1389259306638593
110,TGC,TCG,CTG,4,1.8584657528900304e-06,349,0.0002856675124826062,-7.2640810619861504
111,GAG,TCG,GGG,3,1.3938493146675228e-06,10,8.185315543914218e-06,-2.553963429942705
112,GTG,TCG,GGT,7,3.2523150675575534e-06,102,8.349021854792503e-05,-4.682068255690391
113,TGC,TCG,ACT,7,3.2523150675575534e-06,125,0.00010231644429892773,-4.975427198380983
114,CTG,TCG,GGT,2,9.292328764450152e-07,166,0.000135876238028976,-7.192037267123423
115,AGC,TCG,GGT,5,2.323082191112538e-06,5,4.092657771957109e-06,-0.8169978357764975
116,AGG,TCG,GCT,8,3.7169315057800608e-06,2,1.6370631087828435e-06,1.1830021642235025
117,CGG,TCG,GGT,7,3.2523150675575534e-06,1468,0.001201604321846607,-8.529279166562109
118,TGG,TCG,GCT,9,4.181547944002568e-06,8,6.548252435131374e-06,-0.6470728343341854
119,ACT,TCG,GGT,2,9.292328764450152e-07,4,3.274126217565687e-06,-1.8169978357764975
120,TGG,TCG,TGT,6,2.7876986293350456e-06,5,4.092657771957109e-06,-0.553963429942705
121,TGA,TCG,GGT,3,1.3938493146675228e-06,3,2.4555946631742652e-06,-0.8169978357765011
122,GGG,TCG,GTT,2,9.292328764450152e-07,2,1.6370631087828435e-06,-0.8169978357764975
123,GGT,TCG,GGT,2,9.292328764450152e-07,2059,0.0016853564704919376,-10.824725950408752
124,TTG,TCG,GGT,4,1.8584657528900304e-06,10,8.185315543914218e-06,-2.1389259306638593
125,GAG,TCG,GGA,2,9.292328764450152e-07,2,1.6370631087828435e-06,-0.8169978357764975
126,TGC,TCG,GCG,16,7.4338630115601216e-06,354,0.00028976017025456334,-5.284603385859496
127,GGG,TCG,TGT,4,1.8584657528900304e-06,5,4.092657771957109e-06,-1.1389259306638593
128,TGC,TCG,CAG,3,1.3938493146675228e-06,492,0.0004027175247605795,-8.174549840394583
129,GCT,TCG,GCT,3,1.3938493146675228e-06,2,1.6370631087828435e-06,-0.23203533505534324
130,GGC,TCG,GGT,5,2.323082191112538e-06,5,4.092657771957109e-06,-0.8169978357764975
131,TGC,TCG,ATG,2,9.292328764450152e-07,568,0.00046492592289432757,-8.966744955281179
132,CGC,TCG,GGT,2,9.292328764450152e-07,2,1.6370631087828435e-06,-0.8169978357764975
133,ACT,TCT,GGT,1031,0.00047901954780740536,112,9.167553409183924e-05,2.385475859534006
134,GTG,TCT,GGT,617,0.0002866683423832872,10,8.185315543914218e-06,5.130200748485558
135,TGC,TCT,TTG,709,0.0003294130546997579,171,0.00013996889580093313,1.2347914665771214
136,TGC,TCT,ACT,512,0.0002378836163699239,5,4.092657771957109e-06,5.861074069336141
137,GCT,TCT,GGT,1255,0.000583093629969247,203,0.00016616190554145861,1.8111378958764597
138,TGG,TCT,GGT,1688,0.0007842725477195928,971,0.0007947941393140705,-0.019226132488505243
139,TGC,TCT,GAG,634,0.0002945668218330698,700,0.0005729720880739953,-0.9598699174694207
140,TGC,TCT,TGG,1198,0.0005566104929905641,1415,0.0011582221494638618,-1.057171980706956
141,TGC,TCT,GTG,2294,0.0010658301092824325,817,0.0006687402799377916,0.6724595720936435
142,TGC,TCT,CCG,623,0.00028945604101262223,178,0.00014569861668167308,0.9903570862811044
143,TGC,TCT,CTG,380,0.00017655424652455288,244,0.00019972169927150692,-0.17787956500843727
144,TGC,TCT,AGG,686,0.0003187268766206402,193,0.0001579765899975444,1.012609893128234
145,GGG,TCT,GGT,1097,0.0005096842327300909,1338,0.0010951952197757223,-1.1035124260147668
146,GTT,TCT,GGT,353,0.00016400960269254518,410,0.0003355979373004829,-1.0329535620107642
147,TGC,TCT,TGT,1137,0.0005282688902589911,356,0.00029139723336334616,0.8582852721493506
148,TGT,TCT,GGT,493,0.00022905590404369625,54,4.4200703937136775e-05,2.3735584984379443
149,GGT,TCT,GGT,1910,0.0008874173970049895,783,0.0006409102070884833,0.469490589855571
150,TGC,TCT,GGG,344,0.0001598280547485426,829,0.0006785626585904886,-2.08596137257015
151,CGG,TCT,GGT,4,1.8584657528900304e-06,170,0.0001391503642465417,-6.2263887719142
152,CGT,TCT,GGT,673,0.0003126868629237476,203,0.00016616190554145861,0.9121289416486427
153,TGC,TCT,GGT,427,0.00019839121912101074,346,0.00028321191781943196,-0.5135338037927326
154,TGC,TCT,GCG,314,0.0001458895616018674,266,0.0002177293934681182,-0.5776595223860603
155,TCG,TCT,GGT,358,0.00016633268488365773,127,0.00010395350740771057,0.6781332547155934
156,TGC,TCT,CGT,7,3.2523150675575534e-06,600,0.000491118932634853,-7.238461604214777
157,TGC,TCT,CAT,5,2.323082191112538e-06,199,0.00016288777932389295,-6.1316943614327855
158,TGC,TCT,ACG,11,5.110780820447584e-06,127,0.00010395350740771057,-4.346250903911367
159,TGC,TCT,CGG,10,4.646164382225076e-06,163,0.00013342064336580175,-4.843797895120213
160,TCG,TCT,GCT,2,9.292328764450152e-07,2,1.6370631087828435e-06,-0.8169978357764975
161,TGC,TCT,TAG,2,9.292328764450152e-07,1280,0.00104772038962102,-10.13892593066386
162,TGC,TCT,GCT,24,1.1150794517340182e-05,146,0.00011950560694114758,-3.421859893935361
163,TGC,TCT,CAG,9,4.181547944002568e-06,290,0.00023737415077351232,-5.82698192434912
164,TGC,TCT,CCT,7,3.2523150675575534e-06,5,4.092657771957109e-06,-0.3315710086062573
165,GGT,TCT,GCT,4,1.8584657528900304e-06,2,1.6370631087828435e-06,0.18300216422350246
166,GCG,TCT,GGT,8,3.7169315057800608e-06,69,5.647867725300811e-05,-3.9255222925546676
167,TTG,TCT,GGT,3,1.3938493146675228e-06,12,9.822378652697061e-06,-2.816997835776501
168,GGG,TCT,GCT,11,5.110780820447584e-06,3,2.4555946631742652e-06,1.057471282139641
169,ACG,TCT,GGT,7,3.2523150675575534e-06,5,4.092657771957109e-06,-0.3315710086062573
170,TTC,TCT,GGT,7,3.2523150675575534e-06,8,6.548252435131374e-06,-1.0096429137188956
171,TGC,TCT,GTT,10,4.646164382225076e-06,340,0.0002783007284930834,-5.904460677026838
172,CGT,TCT,GCT,2,9.292328764450152e-07,3,2.4555946631742652e-06,-1.4019603364976554
173,TCT,TCT,GGT,3,1.3938493146675228e-06,4,3.274126217565687e-06,-1.2320353350553432
174,ATG,TCT,GGT,9,4.181547944002568e-06,47,3.847098305639683e-05,-3.201661686011823
175,TGC,TCT,TCG,5,2.323082191112538e-06,345,0.0002823933862650405,-6.925522292554668
176,TAG,TCT,GGT,8,3.7169315057800608e-06,10486,0.008583121879348449,-11.173174666292853
177,TGG,TCT,GCT,5,2.323082191112538e-06,4,3.274126217565687e-06,-0.4950697408891358
178,TGC,TCT,GAT,8,3.7169315057800608e-06,723,0.0005917983138249979,-7.314849672727615
179,ATT,TCT,GGT,5,2.323082191112538e-06,2,1.6370631087828435e-06,0.5049302591108642
180,AGG,TCT,GGT,6,2.7876986293350456e-06,442,0.00036179094704100846,-7.019937894446775
181,TGC,TCT,CTT,4,1.8584657528900304e-06,360,0.00029467135958091185,-7.308850932106173
182,TGC,TCT,TCT,9,4.181547944002568e-06,110,9.00384709830564e-05,-4.428432547858845
183,TGC,TCT,TTT,7,3.2523150675575534e-06,144,0.00011786854383236474,-5.179567915161208
184,TGC,TCT,AGT,5,2.323082191112538e-06,1171,0.0009585004501923549,-8.688595101390352
185,CCT,TCT,GGT,2,9.292328764450152e-07,2537,0.002076614553491037,-11.125905639840436
186,TTT,TCT,GGT,2,9.292328764450152e-07,338,0.00027666366538430057,-8.217877272058683
187,AGT,TCT,GGT,5,2.323082191112538e-06,222,0.00018171400507489564,-6.289485607239243
188,GGC,TCT,GGT,5,2.323082191112538e-06,4,3.274126217565687e-06,-0.4950697408891358
189,TGG,TCT,GTT,3,1.3938493146675228e-06,2,1.6370631087828435e-06,-0.23203533505534324
190,TGC,TCT,GGA,3,1.3938493146675228e-06,108,8.840140787427355e-05,-5.9869228372188115
191,GAT,TCT,GGT,3,1.3938493146675228e-06,1734,0.0014193337153147255,-9.99192351827718
192,TGC,TGG,GGG,315,0.0001463541780400899,2,1.6370631087828435e-06,6.48221018261078
193,TGC,TGG,GGT,3,1.3938493146675228e-06,88,7.203077678644512e-05,-5.691466953692641
194,TGC,TGT,GGG,1272,0.0005909921094190296,4,3.274126217565687e-06,7.495885119507857
195,TGC,TGT,GGT,570,0.00026483136978682934,372,0.00030449373823360893,-0.2013385378324255
196,TGC,TGT,GGA,2,9.292328764450152e-07,206,0.0001686175002046329,-7.503498362959716
197,TGC,TTG,GGT,712,0.0003308069040144254,7,5.729720880739953e-06,5.851380673132294
198,TGC,TTG,GGG,5,2.323082191112538e-06,120,9.822378652697061e-05,-5.401960336497655
199,TGC,TTG,GGC,2,9.292328764450152e-07,46,3.7652451502005404e-05,-5.3405597918335115
200,TAG,TTG,GGT,2,9.292328764450152e-07,2,1.6370631087828435e-06,-0.8169978357764975
201,TGC,TTT,GGG,3,1.3938493146675228e-06,3,2.4555946631742652e-06,-0.8169978357765011
202,TGC,TCA,GGT,2152313,1.0,1221700,1.0,0.0
