Amino Acid,Mean0,Mean1,Mean2,Mean3,Mean4,Mean5,Mean6,Mean7,Mean8,Mean9,Mean10,Mean11
*,-3.2807415343960913,-3.922632691385042,-4.187548607731445,-3.580427099918401,-4.2222594399021105,-3.53284385569006,-3.620985822640013,-3.7926066154455462,-3.7603836758522116,-3.9551769379576847,-3.9227031943402872,-3.8544420021396903
A,-0.4721923426204759,-1.2416699072970436,-3.468485221740646,-3.34622565673747,-0.3534385516937053,-2.8753883244656078,-0.48444209464884996,-0.0634614113124406,-3.690743810042834,-3.903076003874233,-3.2267828150142766,-1.7851055892694228
C,-0.3813956782687068,-1.390001133923458,-4.096878977318167,-1.570664551720924,-0.1990910735647793,-2.166482021193735,-0.2846404645747125,0.2942531700132225,-3.3983913910686088,-3.1518540445282617,-3.5762238121160452,-2.8483777729433255
D,-4.230114056705418,-3.310685509121747,-3.421362991360964,-3.745568894252218,-3.9098171387646374,-3.702789216813126,-3.4620569095898706,-3.5961005280733938,-4.061781876890804,-3.4158534029939447,-3.5900643373868473,-3.7506180701102143
E,-4.409243057402058,-3.4530338062336194,-3.856717002448013,-3.9162306904407576,-3.9617033225640155,-3.1650720933300063,-3.9472319726912395,-2.7862123721028453,-3.1933669757378844,-3.1239587307811987,-3.6060749000643577,-4.304428407206265
F,-1.2486977199726825,-1.9156825494102863,-0.5731092246878424,-3.8580049153483826,0.7501441134319959,-1.1463498131902898,-3.591691932486512,-0.05613515677629879,-4.139099593511318,-3.9394413342048513,-3.6344476573655524,-3.8448255418300548
G,-0.3325152851051214,-0.14693228102647696,-3.5178234488656988,-4.186650828711032,-3.1959045280744185,-3.927050892661445,-3.7450239618142307,-3.941597935507901,-3.7735909218462065,-3.753494927388794,-0.5223952324696771,-3.491199206083646
H,-0.437745893723761,-1.1923029855452694,-4.189490058860564,-1.5022317977770412,-0.16408135301512283,-3.817702548002599,-3.919079762981611,0.039794894334043596,-3.310742814504434,-3.7961944029784886,-3.4495326185312325,-3.2118881902556167
I,-1.3640290530191876,-1.5324286129477147,-0.7589291338430189,-0.09257381551789501,-0.13436451667926796,-1.0120088790560595,-3.3613243592594513,-3.5313634292854363,-3.737053832613146,-3.8583670291875176,-3.457744508015349,-3.272266586269492
K,-0.3287034122614614,-1.7762359449301208,-4.048117029344679,-0.5835701695824907,0.024217822979331415,-3.36189243410651,-3.699659610536644,-3.62831174726419,-3.4799088990838456,-3.7047405898717285,-3.557033195640303,-0.605704467139794
L,-2.219033106656295,-1.4733484936009498,-0.5155078625834081,-1.155754593969494,-0.13449670582321568,-1.1223561674436628,-3.5464127555607994,-0.9620561659801247,-3.829607274767051,-3.833667821197554,-3.5848033680998803,-2.9729316160766164
M,-1.950738410909404,-1.2263305189255942,-0.24496296656005678,-1.3975311633751923,0.3434592840088939,-0.9490307023600083,-3.656195619831264,-0.7047975906823294,-3.442484779068794,-3.5860077758331785,-3.624061471330705,-2.4391467172973202
N,-0.49782445624687877,-0.5252851399606127,-4.015818173771216,-1.1260551984347638,-0.6901306486424437,-3.872540871854736,-3.5366710521706244,-1.0283630154519598,-4.1231173653775635,-3.978491936949915,-3.4456725683070104,-4.047929183413579
P,0.24295367617710145,-1.3191667367142759,-2.6748859674164467,-0.3240487943602428,-0.520085773436192,-2.995279769396351,-3.7397226267490433,-3.8119327660418314,-0.7074944135934804,-3.315148004821646,-3.351534257020145,-3.9193149764103667
Q,-0.9173883218896617,-0.8515650900183438,-3.95374253685057,-2.4026789309417342,-1.1991185864821547,-1.628066742640824,-3.8905673514426495,-0.17106702503402516,-3.3591198408592158,-3.109748684426615,-3.963130905927442,-1.2204625557447428
R,-0.7550507043069998,-0.5487439747821509,-4.037468052228614,0.09339130052179084,-0.3685580355717666,-3.475310733652701,-3.5655515351986327,-2.615541620679448,-3.33991118353063,-3.638837333510129,-3.6186188533139947,-0.8938927856904941
S,-1.2206431597534073,-1.2597306760166727,-3.607504808999321,-0.24922187997992337,0.05461248890399606,-3.3756929015113837,-0.20813645544291517,-0.9522099917530252,-3.5417253628653,-0.7032307617271729,-3.4510160485998167,-3.0605312512411076
T,-0.33372592493566594,-0.6107154127419568,-3.7673754146687726,-1.6055681252891678,-0.9631054099405285,-2.2733063585092457,-1.054675309080091,-1.157876232330363,-3.4365200826445634,-0.10397765796076008,-3.4571215326287206,-3.9748539551913726
V,-0.08233260384945178,-1.2614897327011838,-2.5946341184134396,-0.07700617533363818,-1.965287296247248,-1.0176825272711993,-0.6836380824364845,-2.013048545195651,-3.6751476962800047,-3.494439994723769,-3.6885826947270095,-3.2936734048869227
W,-2.8259955476891157,-0.622092620012141,-1.02642962293922,-3.8994055957522593,0.6957259862979996,-3.7089673135648917,-3.8856596398320096,-0.01642249688733366,-3.4854786324447833,-4.078720209086313,-3.355142706538125,-3.6908275898634386
Y,-1.1033262041673582,-1.6592304521626808,-3.5233815756725706,-3.9255107454622706,0.06504244365997103,-1.6934493627754552,-3.726020337291639,0.18623503054869905,-4.0336726064914945,-3.453808247567658,-3.6579038133697823,-3.7941968638853245
