Amino Acid,Mean0,Mean1,Mean2,Mean3,Mean4,Mean5,Mean6,Mean7
*,-3.4721734386792074,-3.7213215754733135,-0.7540812204746374,-0.9970463046491247,0.18142242264699648,0.2576256515617974,-0.911598181645997,0.10554382418400632
A,-2.413627556251026,0.1877697049832093,0.2335180211449474,0.018487975781119825,-0.0790028281044007,0.010230946296654553,-0.20305892331528363,-0.19761183600627952
C,-1.58432958921613,-0.2320208322058109,0.2964986727047634,-0.1327426630699038,-0.21771009940311936,0.026020858796562907,-0.1600331528513892,-0.19573977919108776
D,-3.6149962549127226,-1.837989508098473,0.030008959259225126,-0.24505945484696268,-0.18162662111336925,0.03861853743948496,-0.32874127106739115,-0.295395732709931
E,-3.556058982237609,-1.6037184286432649,0.46854979623306625,-0.2017286154014173,-0.08124335346764822,0.22939103158311003,-0.042673901585490226,-0.22790248128280144
F,-1.0037203313028207,0.22399275086685458,0.27919849249948986,0.4425910582908781,0.03780625097508006,0.10609027584583597,-0.15470084905167406,-0.2945833713586672
G,-2.8144710780961644,-0.4882718178826507,-0.15523042153671496,-0.06354958238176975,-0.07941784204872737,-0.1304693229895928,-0.25145999051570733,0.03502159942848437
H,-0.42698918110557305,0.09909655940361617,0.3453982846116852,0.39851212118859625,-0.8604900999874054,-0.38110604963695494,-0.2906182195786251,-0.21211547615080617
I,0.13153177187958454,0.35225567364816374,-0.5675823011755297,0.38843068173247475,0.3509822640369335,0.33794837296768554,0.10255198059109039,-0.1256011495333369
K,-3.6598221183114914,0.363537787954181,0.3815496806341588,0.7630044895163725,0.1700056474355074,-0.18358423093004697,-0.516527497868916,-0.28496072212803325
L,-0.4854809496008752,0.7102682145079808,0.24562368805247706,0.03610410154089827,0.10551617864389169,0.17661343460109055,-0.08005911491644972,-0.1257719095429898
M,-1.6713546212673824,0.4323031533963346,-0.19510744100494026,0.21129112805994787,0.3589799964957372,0.35238109738509915,0.15376975173060425,-0.021580684973987907
N,-1.3817213677125726,0.23577311474034288,-0.3056525676094588,0.5641648425501864,0.7039536780554,0.2251926157010855,0.4329411049120262,-0.24709076826815712
P,-3.645341461949913,-3.0148399502654257,-0.28367286755886956,1.0223825136907738,-0.4134348401142338,-0.2576255548638017,0.11821686867808223,0.2520208088033631
Q,-0.1334102361787887,0.6067033718058248,0.2287520116319377,0.12311028123167,0.5184497864064417,0.396573581434553,-0.12194442063032152,0.08261506674464947
R,-2.0571971454141287,-0.4094983483505291,-0.18028393910155122,0.036768704197311326,0.11487598704530354,-0.1729344362378439,-0.24712823926223226,0.10275722876860212
S,-2.817154886999392,0.20291588147915562,-0.025363363209664296,-0.13498087873766595,0.23456059977494817,-0.13090369316248074,-0.27884621134130877,0.07838352985156123
T,-2.6493608338456136,0.4361942152486922,0.44084934765103156,0.35966913131834516,-0.13159009352999126,0.014914073576980059,-0.1698459718390176,-0.32641877722698664
V,-0.8899441111927944,-0.08433506224794332,-0.08337003224851403,-0.14931247167603845,-0.05095311119562614,0.40106850779016057,-0.022384096791202457,0.1245415423284959
W,-2.0470524798459016,-0.8687617944283077,0.5166102779971468,-0.19379915123462244,-0.027725117998053772,-0.15213160068461162,-0.30072723709004134,-0.024580946057009
Y,-1.5942136693362672,0.1886401762001204,0.3141510214922212,0.37593639354845365,0.019100394673654097,0.028940006725835115,-0.07475826320322065,-0.5573398620424332
