,Mean0,Mean1,Mean2,Mean3,Mean4,Mean5,Mean6,Mean7,Mean8,Mean9,Mean10,Mean11,Mean12,Mean13,Mean14
*,-7.436597528397766,-6.416371775517217,-6.941103191952091,-7.634630954565932,-4.235593103025537,-7.405155101351228,-7.374879702208673,-6.2241974335578725,-6.536748935387857,-5.7604908679701925,-6.679434305300061,,-5.651414715173645,-6.295050398543172,-7.039164771622238
A,-0.7375697501992393,-1.1382016234487717,-6.000351938900602,,-2.6457237785319228,2.739977369468484,2.3192939137957485,-0.8159205605712074,0.6871560432797943,-5.676289774326524,-5.1905767109175756,-1.9681745279644556,1.3593228120526062,0.3120816717737678,-0.7212956814702322
D,-2.032695558821362,-5.928969839398169,-5.922980743291642,-3.7237171192559724,-6.848890230240844,-0.6729719005535753,-7.041677856861435,-1.0892260460823793,-4.909477345005271,-5.356306671832759,-4.359531325232468,-7.070776051626337,-4.076169063124653,-6.828460829439512,-6.000760272990563
F,-3.61022086764228,-4.849328745808052,-3.6640027979230894,-2.0694882260346077,,,-6.263606929152692,-3.9621810855155957,1.8646856561345944,-5.232236082224031,2.8431841819670804,-1.8665604619680654,-1.8339240248967468,-6.132485693601563,-6.396905550489758
G,-2.4437711686597234,-5.163458409394554,-6.745399942344488,-3.1145788245652257,-0.8849016029088285,-2.026495898997309,2.6906162912147003,-2.2250919506858264,-1.0132133998174855,-6.86385947294942,-3.320496839165777,-0.14084560399657717,-6.610372359683335,0.19966187847182523,-6.214232434929841
H,-3.8692729638821595,-4.860876710974961,-5.188040850313822,-4.2283972782920625,,,-5.525236808287315,,-1.3870278470043829,,-7.757116116914218,0.5350518741848482,2.4158900874093003,-4.777164461154323,-3.8830787796689172
K,-4.23171860486451,-5.763318853811773,-6.40071879578155,-3.04703431750303,-6.366827019483916,3.140086003788454,-6.891871759419047,,-7.090776870398467,-3.1845735068520433,-6.983312715239687,-1.9281303965381513,-5.8245419762125845,-5.428593534767193,-5.938554123376628
M,1.667869304734099,-6.100285951935639,-1.8342766036360247,-0.5300700728778107,-4.425537193642229,,-4.61200715574093,,-3.4133455148123732,-4.722141798381418,-0.3891470083358814,-1.0891539417733593,-2.5908430360434185,3.4268612052303027,-1.5165839753555221
N,-1.2829772109130388,-4.379799946657215,-6.031898276081757,-1.8295730829368666,-5.8611326483305515,,-5.865998497437332,0.9912763285473751,1.1227256540079946,-5.255793641009355,-5.98004574143771,1.678161470812145,1.2153571000365915,-6.946515766549462,-3.8866878052348275
P,-0.20446145416236483,-6.55236791527114,-5.427605417128866,-3.401646456651111,-5.672468589613034,-6.263622145406434,0.24814377541795674,-4.641301632997324,-5.529040766052552,-3.107247099701489,-5.601595839810048,-2.353302370128551,-3.91298879765432,-2.315533311887247,-3.983388504026837
R,-5.781235635228825,-6.17003149740938,-5.775176454723808,-2.5598497736351185,-5.805359229093646,,-6.703252026488186,-3.411082036660723,-5.00117235971199,-5.5396218564658355,-6.833031068402026,-5.589621399233211,-6.911881624668647,-4.74619133713202,-5.727002472397952
S,-0.0759806399831738,-0.1606841597793032,-6.1850696133437,0.05991810461318714,-1.8313332642795968,0.8854383753242175,-2.271612720250122,-0.5450034655732194,0.43704888137902626,-3.662555918953867,-1.853382913715843,0.3366633962587251,-1.1923240450539565,-2.424929391233357,-4.579434190529528
T,-0.964108248038532,,-6.287124742447603,-3.7771528240864205,-6.222618940466699,1.3333683773604743,-5.24275974417175,-1.6855498610126827,-2.047850039899386,-3.3587986457279815,-3.8223566067172445,-1.4882498971831843,1.5768451310387022,-0.3925262353907959,-5.452418582299263
V,-2.0185292713494647,-3.978737501715365,-4.315719693395392,-4.23346881166246,-6.003359956445103,,-2.4904312562342517,,-5.715226126830941,-1.4735661822529902,-2.782035368318515,3.472905130935061,1.4217359485736147,-0.6503424593241827,-0.11961320253258875
W,-3.8380677916539914,-5.913976296395962,-6.317112092404248,-1.18342785040592,-7.114481490069191,,-4.117392451169777,-0.6828591620060926,0.7631960999048184,-6.411197522941605,0.26263478984582256,-3.690525272570156,-6.795298844329014,-6.447316575662592,-5.987040590283895
Y,-2.888704769949544,-5.871530260061755,-0.29868957802721435,-1.121035316133869,-4.554095917385108,-1.2493818024801424,1.3097974042898306,-3.1213487291881576,-0.6999950743201229,-6.00338166763718,0.5516084134271186,-5.565429486788275,-1.362962381175043,-6.8221504568995215,-3.3646068879643014
C,,-2.272219041321402,-6.246440495357611,-1.3130218723181954,-5.907208324582777,,-2.4904209962248096,-1.6811414855110085,-1.4187116819603043,-4.961428914126705,-3.8121439432158195,1.6402482495908153,-1.3596701680843906,0.36887722352645813,-0.7806470302886437
E,,-6.830383274112258,-6.5848088311584405,-0.3749437143126455,-7.81552960161662,1.3019673602088844,-7.003547988806989,2.4909915426500184,-6.75701708294239,-6.078998308207992,-4.355522611553439,-5.944594368074218,-3.206369276265209,-7.435696179425115,-6.485157412697691
I,,-6.218184123328282,-4.19547117609316,-1.312095681110005,-5.403348244668533,,-4.648829044617688,-3.663336603741275,-6.461166718021577,-1.1483911705453984,,-4.0645005324455905,3.3382508552552235,,-2.1008466338969054
L,,-6.218402401885436,-3.3549113138065736,0.07367563493340039,-4.459351957103685,-0.9786316062961884,-4.8150985970785145,3.330834317456528,-5.351782491867642,0.10387156230524593,-0.4411536667286615,-5.553892899266558,0.8669027106390423,-2.3725698951393484,0.2577178145578237
Q,,-7.658314900101383,-4.611722013572558,-0.7315375428309814,-6.418533767518825,-1.2776829112435255,-5.0080703629665,3.144018318316329,-4.212531410072392,-5.082373969327606,-0.9969047510631354,1.0347018336873917,-5.744912220604377,-6.535235850353464,1.1257796307921282
