site_1,site_2,site_3,glu1,gal1,glu_gal1,glu1,gc1,glu_gc1,glu1,grl1,glu_grl1,glu2,gal2,glu_gal2,glu2,gc2,glu_gc2,glu2,grl2,glu_grl2
AAG,TAT,GAC,,,,,,,,,,,,,2.2325687445125917e-05,5.458766203916521e-05,-1.2898703095229769,2.2325687445125917e-05,8.503418441169399e-05,-1.9293383336098024
AAT,TAT,GAC,0.00026948989412897017,0.0004959167722286608,-0.8798668461355579,0.00026948989412897017,0.00036848863826698683,-0.4513889639809001,0.00026948989412897017,0.0002779667031374753,-0.04468090392192536,0.000338210414062333,0.0005149193440992907,-0.6064253858096311,0.000338210414062333,0.00042377263951457204,-0.3253693610398347,0.000338210414062333,0.00029594574417298234,0.19258837305969226
ACG,TAT,GAC,,,,,,,,,,,,,,,,1.915892326851231e-05,9.3738471005017e-05,-2.290624778906801
ACT,TAT,GAC,,,,,,,,,,,,,,,,5.415166742009265e-05,4.1512751445078964e-05,0.3834512052625918
AGG,TAT,GAC,,,,,,,,,,9.959473335449788e-05,0.00017311943465407186,-0.7976263343525716,9.959473335449788e-05,0.00013359612025374643,-0.4237367527069278,9.959473335449788e-05,8.436462390451531e-05,0.2394312841429418
AGT,TAT,GAC,,,,,,,,,,,,,3.974289041650074e-05,6.751631883791486e-05,-0.764539446205049,3.974289041650074e-05,8.570374491887271e-05,-1.1086614452856571
ATG,TAT,GAC,,,,,,,,,,,,,1.820889401552823e-05,8.044497563666452e-05,-2.143359019591413,1.820889401552823e-05,3.347802535893465e-05,-0.8785711380667784
ATT,TAT,GAC,,,,,,,,,,,,,0.00014076266765047473,4.5968557506665444e-05,1.6145454603515839,0.00014076266765047473,6.963429274658407e-05,1.0153948914522477
CAG,TAT,GAC,,,,,,,,,,2.1533996400972512e-05,0.0001265103560933602,-2.5545674952840134,2.1533996400972512e-05,0.00010342925438999724,-2.263956308670158,2.1533996400972512e-05,6.62864902106906e-05,-1.6220987780657
CAT,TAT,GAC,0.00019634263715110684,0.00026412958520874316,-0.4278724091672253,0.00019634263715110684,0.00014516219083244932,0.4357077622629895,0.00019634263715110684,0.00014194044415530651,0.4680877720610841,0.00013838759451801453,0.00025967915198110784,-0.9080155724524186,0.00013838759451801453,0.00021835064815666085,-0.657932192421173,0.00013838759451801453,0.00015533803766545678,-0.16669652486340425
CCG,TAT,GAC,,,,0.0001450112287455887,0.00013771797591796478,0.07444773521882375,,,,4.2751316384283665e-05,9.765711698434822e-05,-1.1917563439560777,4.2751316384283665e-05,9.050059759124758e-05,-1.081958474927271,4.2751316384283665e-05,4.084319093790027e-05,0.06587326025151441
CGG,TAT,GAC,,,,,,,,,,0.00017353867687842556,0.0001154129564360479,0.5884520424498234,0.00017353867687842556,0.00010630228923416384,0.7070845688533929,0.00017353867687842556,4.2182311952257656e-05,2.0405471602241807
CGT,TAT,GAC,,,,,,,,,,,,,4.2434639966622306e-05,0.00012210398087708009,-1.524795894158114,4.2434639966622306e-05,0.00015332935614392068,-1.8533195968756024
CTG,TAT,GAC,,,,,,,,,,0.00013902094735333722,7.102335780679872e-05,0.9689368071657468,0.00013902094735333722,4.740507492874874e-05,1.5521888616987205,0.00013902094735333722,6.0260445646082376e-05,1.2060190339692536
CTT,TAT,GAC,,,,0.00015399422521655438,0.00017493905049038765,-0.18397611763653288,,,,0.00010925336409316936,7.324283773826117e-05,0.5769181099374681,0.00010925336409316936,7.900845821458123e-05,0.4675986896626885,0.00010925336409316936,6.896473223940538e-05,0.6637470252458844
GAA,AAT,GAC,,,,,,,,,,4.4968051307913187e-05,6.880387787533625e-05,-0.6135895132518048,4.4968051307913187e-05,7.900845821458123e-05,-0.813106742498162,4.4968051307913187e-05,4.8208356516865885e-05,-0.10038288117406148
GAA,TAT,GAA,,,,,,,,,,,,,,,,2.675915729238496e-05,3.347802535893465e-05,-0.32318175272897065
GAA,TAT,GAC,0.0012537696503047801,0.0018758590949518907,-0.5812791516250133,0.0012537696503047801,0.0018052221167625109,-0.525904046673519,0.0012537696503047801,0.001292249460330603,-0.043612287442625686,0.0012562553488626171,0.0022949422491321835,-0.8693281105392643,0.0012562553488626171,0.0017755355336949523,-0.49912449423727706,0.0012562553488626171,0.0013525122245009599,-0.1065118947303052
GAC,AAG,GAC,,,,,,,,,,8.217753038312305e-05,7.990127753264855e-05,0.040525404545956434,8.217753038312305e-05,4.4532040084582145e-05,0.8839002694928197,8.217753038312305e-05,4.8208356516865885e-05,0.7694607276791371
GAC,AAG,GAT,,,,,,,,,,0.00012397881751442262,9.543763705288576e-05,0.3774634202193301,0.00012397881751442262,0.00010773880665624712,0.20255565831697453,0.00012397881751442262,7.766901883272839e-05,0.6746825029270376
GAC,AAT,GAC,,,,,,,,,,7.04605029296527e-05,7.990127753264855e-05,-0.18140379795816308,,,,7.04605029296527e-05,9.106022897630225e-05,-0.3700063146330095
GAC,AAT,GAT,,,,,,,,,,,,,0.00010228648290461945,8.762756274708101e-05,0.22315886865285428,0.00010228648290461945,6.494736919633321e-05,0.6552725132703667
GAC,ACG,GAC,,,,,,,,,,,,,4.100959608714618e-05,6.033373172749839e-05,-0.5570032835703921,4.100959608714618e-05,6.896473223940538e-05,-0.7498972387330944
GAC,ACG,GAT,,,,,,,,,,6.222691607045732e-05,7.324283773826117e-05,-0.2351489394694575,6.222691607045732e-05,0.00015658039900707916,-1.3312929709965042,6.222691607045732e-05,0.00010913836267012696,-0.8105476512089016
GAC,ACT,GAC,,,,,,,,,,6.191023965279599e-05,7.324283773826117e-05,-0.24250964442071246,6.191023965279599e-05,6.320676657166498e-05,-0.02990096980813028,6.191023965279599e-05,2.6112859779969025e-05,1.2454175792086737
GAC,AGG,GAC,,,,,,,0.00015656079563683032,0.0001685542774344265,-0.10649024651226567,0.00014788788704785534,0.0001376077557506725,0.10394210695317517,0.00014788788704785534,0.0002154776133124943,-0.5430340992644034,0.00014788788704785534,0.0002122506807756457,-0.5212652896661751
GAC,AGG,GAT,,,,0.0004812319538017325,0.00013027376100348018,1.8851859068708627,0.0004812319538017325,9.166987018363544e-05,2.392212905085957,0.00018699742462903335,0.00015758307513383463,0.2469058075228645,0.00018699742462903335,0.0001867472648708284,0.0019312878905175523,0.00018699742462903335,0.0001921638655602849,-0.039318676514961126
GAC,AGT,GAT,0.00019890920757138276,0.00017788319003854134,0.16117987817111512,0.00019890920757138276,0.0002456590921779912,-0.3045475756516307,0.00019890920757138276,0.00014785462932844428,0.4279306455891003,7.552732561223448e-05,9.765711698434822e-05,-0.3707264850013967,7.552732561223448e-05,9.624666727958077e-05,-0.3497378829304463,7.552732561223448e-05,0.00011650352824909256,-0.6253030390796468
GAC,ATG,GAC,,,,,,,,,,,,,8.50276181420753e-05,6.033373172749839e-05,0.4949667067284675,8.50276181420753e-05,0.00011047748368448434,-0.3777489354968324
GAC,ATG,GAT,,,,,,,,,,0.00018177226373762093,0.00010875451664166052,0.7410567601908689,0.00018177226373762093,0.0001321596028316631,0.4598508221404902,0.00018177226373762093,0.00016872924780903062,0.10742200393934097
GAC,ATT,GAT,,,,,,,,,,4.718478623154272e-05,0.00013316879588774758,-1.4968623975159687,4.718478623154272e-05,0.0001177944286108302,-1.3198776326341068,4.718478623154272e-05,0.00011047748368448434,-1.2273586930200846
GAC,CAG,GAC,,,,,,,,,,,,,7.014382651199134e-05,9.337363243541418e-05,-0.4126990729516216,7.014382651199134e-05,7.298209528247753e-05,-0.057226435458337825
GAC,CAG,GAT,,,,,,,,,,4.290965459311434e-05,0.00010653503671019808,-1.3119537817368965,4.290965459311434e-05,9.768318470166406e-05,-1.1868079483746534,4.290965459311434e-05,0.00019417254708182092,-2.177965047897493
GAC,CAT,GAC,,,,,,,,,,,,,,,,5.526003488190741e-05,2.4773738765611638e-05,1.1574248613442712
GAC,CCG,GAC,,,,,,,,,,,,,9.389455783659338e-05,0.0001163579111887469,-0.30945585681680576,9.389455783659338e-05,6.963429274658407e-05,0.43124357716848216
GAC,CCG,GAT,,,,,,,,,,7.014382651199134e-05,0.00010875451664166052,-0.6326872779298007,7.014382651199134e-05,9.481014985749749e-05,-0.4347253792816197,7.014382651199134e-05,9.50775920193744e-05,-0.4387892301860941
GAC,CCT,GAC,,,,,,,,,,,,,,,,1.6942188344882786e-05,2.87911018086838e-05,-0.7650027675373803
GAC,CCT,GAT,,,,,,,,,,2.1692334609803195e-05,7.102335780679872e-05,-1.711108239409084,2.1692334609803195e-05,9.768318470166406e-05,-2.170924906767997,2.1692334609803195e-05,4.017363043072158e-05,-0.8890635118844212
GAC,CGG,GAC,,,,,,,,,,9.78530130573604e-05,0.00018865579417430908,-0.9470682306029374,9.78530130573604e-05,0.00013646915509791304,-0.4798867289047575,9.78530130573604e-05,0.00012788605687113038,-0.3861707993678039
GAC,CGG,GAT,0.0002900224574911774,0.0002156159879255047,0.42770045978315707,,,,,,,5.0351550408156315e-05,0.00012872983602482267,-1.3542383622128291,5.0351550408156315e-05,9.768318470166406e-05,-0.9560740344441694,5.0351550408156315e-05,0.00019818991012489316,-1.976775409581025
GAC,CGT,GAC,,,,,,,,,,,,,2.1692334609803195e-05,4.740507492874874e-05,-1.1278561848761104,2.1692334609803195e-05,5.222571955993805e-05,-1.2675751351381503
GAC,CGT,GAT,0.00013346166185434713,0.00022639678732177992,-0.7624281123823362,,,,,,,0.00014392943182708835,9.543763705288576e-05,0.5927314071223968,0.00014392943182708835,6.177024914958169e-05,1.2203775810138229,0.00014392943182708835,0.00013190341991420248,0.1258796655012997
GAC,CTG,GAC,,,,,,,,,,1.852557043318959e-05,8.434023739557346e-05,-2.186703116229792,1.852557043318959e-05,0.00016232646869541233,-3.1313083913099664,1.852557043318959e-05,6.963429274658407e-05,-1.9102799977941167
GAC,CTG,GAT,,,,,,,0.00019505935194096888,0.00017151137002099535,0.18560894840560135,0.00010006974798098991,9.321815712142332e-05,0.1023230030287312,0.00010006974798098991,0.00010773880665624712,-0.10653209079696246,0.00010006974798098991,0.000143955509043419,-0.5246171006487881
GAC,CTT,GAC,,,,,,,,,,,,,5.842679905852101e-05,6.751631883791486e-05,-0.20860599409542505,5.842679905852101e-05,3.950406992354289e-05,0.5646289574621246
GAC,CTT,GAT,,,,,,,,,,,,,8.692767664804344e-05,9.193711501333089e-05,-0.0808318094729863,8.692767664804344e-05,9.909495506244655e-05,-0.18899602586018105
GAC,GAG,GAC,,,,,,,,,,0.00015754651778652684,0.00015758307513383463,-0.00033472644328114143,0.00015754651778652684,0.00017381860807207867,-0.14180467032176658,0.00015754651778652684,0.00010110363658398264,0.6399429768695022
GAC,GAG,GAT,,,,,,,,,,9.816968947502177e-05,0.00010653503671019808,-0.11797841781653062,9.816968947502177e-05,0.00018818378229291165,-0.9387927447413986,9.816968947502177e-05,0.00010846880216294828,-0.1439305968468183
GAC,GAT,GAC,,,,0.0001860763554700032,0.0001191074386317533,0.6436312284475214,,,,4.338466921960639e-05,0.0001154129564360479,-1.4115479575501766,4.338466921960639e-05,7.757194079249792e-05,-0.8383495676811261,4.338466921960639e-05,8.101682136862185e-05,-0.9010361535504964
GAC,GAT,GAT,,,,,,,,,,8.866939694518095e-05,9.765711698434822e-05,-0.13928892406194215,8.866939694518095e-05,0.00010486577181208052,-0.2420356904132355,8.866939694518095e-05,0.00016069452172288632,-0.8578125778999829
GAC,GCG,GAC,,,,,,,,,,0.0001026031593222808,0.00013982723568213497,-0.4465702429849028,0.0001026031593222808,9.050059759124758e-05,0.1810759309065233,0.0001026031593222808,0.0002296592539622917,-1.1624197625246175
GAC,GCG,GAT,,,,,,,,,,0.00018082223448463684,0.0002108505934889337,-0.22164899533771631,0.00018082223448463684,0.000224096717844994,-0.3095494319775902,0.00018082223448463684,0.0001144948467275565,0.6592894212405138
GAC,GCT,GAC,,,,,,,,,,6.270193069694938e-05,0.00012429087616189772,-0.9871386243476064,6.270193069694938e-05,6.033373172749839e-05,0.05554504882266365,6.270193069694938e-05,7.56603373111923e-05,-0.2710273415720081
GAC,GCT,GAT,,,,,,,,,,0.00011812030378768746,0.00014870515540798483,-0.3321976925721461,0.00011812030378768746,0.00010917532407833044,0.11361015833346674,0.00011812030378768746,4.3521432966615054e-05,1.4404590079903519
GAC,GGG,GAC,0.00020660891883221048,0.0002910815836994313,-0.4945210317935196,0.00020660891883221048,0.0002605475220069604,-0.33464400039776265,0.00020660891883221048,0.00042877842505248837,-1.0533297818107281,0.00026489982337372806,0.0002530207121867204,0.06619139350399905,0.00026489982337372806,0.00029879562379332534,-0.17371213658092444,0.00026489982337372806,0.00032540640648884484,-0.2967957728038595
GAC,GGG,GAT,0.00030285530959255687,0.00019944478883109185,0.6026392759882224,0.00030285530959255687,0.00041315392775389436,-0.4480506785556795,0.00030285530959255687,0.00031640890676287075,-0.0631615069497169,0.0002066313625240377,0.00031738563019913176,-0.6191775676907536,0.0002066313625240377,0.000326089454812908,-0.6582085443118526,0.0002066313625240377,0.0004117797119148962,-0.9948135080057856
GAC,GGT,GAC,,,,,,,,,,0.0002240485654954125,0.00011763243636751035,0.929525560786434,0.0002240485654954125,0.00020685850877999448,0.1151671877987468,0.0002240485654954125,0.00018412913947414054,0.2830935300707917
GAC,GGT,GAT,,,,0.00020660891883221048,0.0001191074386317533,0.7946390165472046,0.00020660891883221048,0.00017742555519413314,0.21968871259568698,9.991140977215924e-05,0.00026411811184403266,-1.4024618906950046,9.991140977215924e-05,0.00015801691642916246,-0.6613576670202939,9.991140977215924e-05,0.000281215413015051,-1.4929543219200028
GAC,GTG,GAC,,,,0.00018864292589027912,0.00016005062066141851,0.2371297285668525,0.00018864292589027912,0.00025430996244492414,-0.43092997977614544,0.00019903112850016503,0.00031072719040474433,-0.6426544048940688,0.00019903112850016503,0.00010342925438999724,0.9443497845000106,0.00019903112850016503,0.00017207705034492408,0.20993938599020007
GAC,GTG,GAT,,,,,,,0.00013859480269489893,0.00020995357364639086,-0.599197187251626,8.312755963610713e-05,0.00020641163362600877,-1.3121255209241571,8.312755963610713e-05,0.00017812816033832858,-1.099516846311575,8.312755963610713e-05,0.0002249723304120408,-1.4363488094617054
GAC,GTT,GAC,,,,,,,,,,3.9901228625331425e-05,8.877919725849839e-05,-1.1537884937570573,3.9901228625331425e-05,4.4532040084582145e-05,-0.15841053536514416,3.9901228625331425e-05,0.00011650352824909256,-1.5458685715852418
GAC,GTT,GAT,,,,,,,,,,0.00028849221648949934,0.0002308259128720958,0.32172720329134563,0.00028849221648949934,0.00012641353314332996,1.190381476686568,0.00028849221648949934,0.00010579056013423349,1.4473214963885166
GAC,TAG,GAC,0.0002040423484119345,0.001309867126647441,-2.6824799560660946,0.0002040423484119345,0.0009379710792250572,-2.2006748297829763,0.0002040423484119345,0.00041990714729278167,-1.0412017341307394,0.00017860549956100734,0.0017489501859924185,-3.2916407894271935,0.00017860549956100734,0.001328778615427048,-2.8952523514830637,0.00017860549956100734,0.0003153629988811644,-0.8202368964504192
GAC,TAG,GAT,0.00018094321462945142,0.0015955583106487346,-3.140452420974825,0.00018094321462945142,0.0013846239740941322,-2.935885320276652,0.00018094321462945142,0.00039920749918679954,-1.1416018145624491,0.00017512205896673234,0.002241674730777084,-3.6781442297740634,0.00017512205896673234,0.0015069067757653765,-3.1051574408207454,0.00017512205896673234,0.0003983885017713223,-1.1858151871970293
GAC,TAT,GAC,0.0002656400384985563,0.00022639678732177992,0.2306191269758955,0.0002656400384985563,0.000204715910148326,0.3758493824072513,0.0002656400384985563,0.00015376881450158202,0.7887096694478206,0.0003659196006077021,0.000357336268965456,0.034244343983402814,0.0003659196006077021,0.00030166865863749193,0.27856187832332324,0.0003659196006077021,0.00017140748983774542,1.0940965452312008
GAC,TAT,GAT,,,,,,,,,,9.041111724231842e-05,0.00010875451664166052,-0.2665032311219768,9.041111724231842e-05,6.177024914958169e-05,0.5495880321825588,9.041111724231842e-05,0.0001138252862203778,-0.33224900001128965
GAC,TCG,GAC,,,,,,,,,,,,,6.301860711461074e-05,7.038935368208146e-05,-0.1595793720497447,6.301860711461074e-05,0.00010110363658398264,-0.6819851180178613
GAC,TCG,GAT,,,,,,,,,,0.00016593844285455288,0.0001265103560933602,0.3913926650030977,0.00016593844285455288,8.331801048083109e-05,0.993947857931694,0.00016593844285455288,0.0001513206746223846,0.13303903988583346
GAC,TCT,GAT,,,,,,,0.00015014436958614053,9.166987018363544e-05,0.7118308392861188,0.00011384517214925909,8.212075746411101e-05,0.4712542724407367,,,,0.00011384517214925909,9.306891049783832e-05,0.2907018884793597
GAC,TGG,GAC,,,,,,,,,,0.00025049104637013607,0.00015758307513383463,0.668646442598499,0.00025049104637013607,0.00018387423002666178,0.4460397359946065,0.00025049104637013607,9.708627354091049e-05,1.3674197952214282
GAC,TGG,GAT,,,,,,,,,,0.00013284575720894074,0.00016424151492822205,-0.30606668755873834,0.00013284575720894074,0.00032321641996874135,-1.2827483392553989,0.00013284575720894074,0.0001238686938280582,0.10094054068708047
GAC,TGT,GAC,,,,,,,,,,0.00010323651215760352,7.990127753264855e-05,0.3696628304191538,0.00010323651215760352,0.00012066746345499678,-0.22508341702586776,0.00010323651215760352,0.00011181660469884173,-0.1151811374794054
GAC,TGT,GAT,,,,,,,,,,0.0001858890571672186,0.00011763243636751035,0.6601559161772421,0.0001858890571672186,0.0001177944286108302,0.6581705400137849,0.0001858890571672186,0.00019149430505310615,-0.042859642904767625
GAC,TTG,GAC,,,,,,,,,,,,,7.806073695352537e-05,0.00012354049829916338,-0.6623150668023712,7.806073695352537e-05,0.0001124861652060204,-0.5270785856372786
GAC,TTG,GAT,,,,,,,,,,0.00012841228736168168,0.00014870515540798483,-0.21167140861011013,0.00012841228736168168,0.00018962029971499492,-0.5623301636193645,0.00012841228736168168,0.00013926858549316814,-0.11708661316024838
GAC,TTT,GAT,,,,,,,,,,6.254359248811871e-05,0.0001154129564360479,-0.8838711974462399,,,,6.254359248811871e-05,7.632989781837099e-05,-0.287386170336708
GAG,TAT,GAC,0.0001450112287455887,0.00017788319003854134,-0.2947655646879337,,,,0.0001450112287455887,0.00016559718484785758,-0.19151352955282694,0.00010846167304901595,0.00017977787444845922,-0.7290301474063465,0.00010846167304901595,0.00012066746345499678,-0.15385139340905596,0.00010846167304901595,8.905154745476617e-05,0.2844727431102694
GAT,AAG,GAT,,,,,,,,,,0.0002004561723796412,0.00018643631424284664,0.10460394427997066,0.0002004561723796412,0.0001680725383837455,0.25420282136675354,0.0002004561723796412,0.0002504156296848312,-0.3210377696957245
GAT,AAT,GAA,,,,,,,,,,,,,3.435939131625761e-05,5.315114461708192e-05,-0.6293962816626557,3.435939131625761e-05,3.347802535893465e-05,0.037490043433324516
GAT,AAT,GAC,0.000958614051973051,0.0014284559200064685,-0.5754345244059921,0.000958614051973051,0.0012878491802058324,-0.425941656414901,0.000958614051973051,0.0010468107756453854,-0.12697868720417205,0.0009486042091046053,0.0016934631877058568,-0.8360984510390139,0.0009486042091046053,0.0011808173209524686,-0.3159076139947388,0.0009486042091046053,0.0009186370158491668,0.04631135275588605
GAT,AAT,GAT,,,,,,,,,,0.00011305348110510571,0.0001598025550652971,-0.4992850597828245,0.00011305348110510571,0.00012066746345499678,-0.09403130722784604,0.00011305348110510571,0.000143955509043419,-0.3486175847967914
GAT,ACG,GAT,,,,,,,,,,0.0002774085418713518,0.00019531423396869645,0.506215118594266,0.0002774085418713518,0.00015227084674082928,0.8653724565597898,0.0002774085418713518,0.00012855561737830904,1.109619559643587
GAT,ACT,GAC,,,,,,,,,,3.736781728404054e-05,8.434023739557346e-05,-1.1744247864513555,3.736781728404054e-05,6.177024914958169e-05,-0.7251158538184423,3.736781728404054e-05,3.213890434457726e-05,0.21747554940425395
GAT,ACT,GAT,,,,,,,,,,9.848636589268311e-05,0.0001154129564360479,-0.22880927038010235,,,,9.848636589268311e-05,6.360824818197583e-05,0.6307101625632239
GAT,AGG,GAC,0.00021944177093358999,0.00018327358973667894,0.25983926589088924,0.00021944177093358999,0.00024193698472074892,-0.14079315970997008,0.00021944177093358999,0.00021882485140609756,0.004061579346535282,0.00012002036229365564,0.0001509246353394473,-0.3305491254488597,0.00012002036229365564,0.0002154776133124943,-0.8442588008029741,0.00012002036229365564,0.00025845035577097547,-1.1066079983334198
GAT,AGG,GAT,,,,,,,,,,0.00013997097660632134,0.00037731158834861816,-1.4306286991158803,0.00013997097660632134,0.0002657557230854096,-0.9249730496030644,0.00013997097660632134,0.00031000651482373484,-1.1471708231052349
GAT,AGT,GAC,,,,,,,,,,7.014382651199134e-05,0.00017977787444845922,-1.3578274366992176,7.014382651199134e-05,9.193711501333089e-05,-0.3903312599231672,7.014382651199134e-05,0.00016739012679467324,-1.254826395343498
GAT,AGT,GAT,,,,,,,,,,8.265254500961507e-05,0.00015536359520237217,-0.9105173427446936,8.265254500961507e-05,0.0001795646777604119,-1.1193724365703872,8.265254500961507e-05,0.00017274661085210278,-1.0635262580898015
GAT,ATG,GAC,,,,,,,,,,3.942621399883938e-05,7.990127753264855e-05,-1.0190633917438436,3.942621399883938e-05,0.00018243771260457848,-2.2101769031822713,3.942621399883938e-05,8.70428659332301e-05,-1.1425708801968053
GAT,ATG,GAT,0.0001976259223612448,0.0003288143815863946,-0.7345012046126538,,,,0.0001976259223612448,0.00010054114794334209,0.9749861295341518,0.0001065616145430478,0.00012207139623043528,-0.19603734128395445,0.0001065616145430478,0.0002011124390916613,-0.916314470812834,0.0001065616145430478,0.00017877265541671103,-0.7464382363136668
GAT,ATT,GAC,,,,,,,,,,0.00015722984136886547,0.00010653503671019808,0.5615470844376063,0.00015722984136886547,0.00012210398087708009,0.3647648229124876,0.00015722984136886547,0.00010244275759834004,0.6180570655992916
GAT,ATT,GAT,,,,,,,,,,0.0002082147446123445,0.00013316879588774758,0.6448161662015348,0.0002082147446123445,0.00010199273696791396,1.0296058161967974,0.0002082147446123445,6.963429274658407e-05,1.5802023668021423
GAT,CAG,GAC,,,,,,,,,,6.507700382940958e-05,0.0002108505934889337,-1.6960013470188748,6.507700382940958e-05,0.0001436517422083295,-1.1423557545712253,6.507700382940958e-05,0.00010846880216294828,-0.7370604184393716
GAT,CAG,GAT,,,,0.00013346166185434713,0.0001191074386317533,0.16416185657367954,0.00013346166185434713,0.000103498240529911,0.3668191312857143,4.08512578783155e-05,0.00014648567547652234,-1.8423071863048095,4.08512578783155e-05,0.0002355888572216604,-2.527818897673013,4.08512578783155e-05,0.00013725990397163207,-1.7484578433186222
GAT,CAT,GAC,0.00019505935194096888,0.0002964719833975689,-0.6039826078257438,0.00019505935194096888,0.00020843801760556823,-0.09570527018143338,0.00019505935194096888,0.0001271549812224621,0.6173251888310762,0.00031192627139644007,0.00033958042951375635,-0.12254825071852515,0.00031192627139644007,0.0002585731359749931,0.2706326695358783,0.00031192627139644007,0.0001807813369382471,0.7869593180564767
GAT,CAT,GAT,,,,,,,,,,0.00012603721422922148,0.000193094754037234,-0.6154591976746904,0.00012603721422922148,0.00018531074744874507,-0.5560967833577912,0.00012603721422922148,4.8208356516865885e-05,1.3864946198649049
GAT,CCG,GAC,,,,,,,,,,6.903545905017659e-05,0.00010431555677873559,-0.5955448492703219,6.903545905017659e-05,0.00012210398087708009,-0.8227007598389591,6.903545905017659e-05,5.69126431101889e-05,0.2785883894027954
GAT,CCG,GAT,,,,,,,,,,7.600234023872651e-05,0.0001975337139001589,-1.37798315772749,7.600234023872651e-05,0.0001379056725199963,-0.8595660535908234,7.600234023872651e-05,8.369506339733662e-05,-0.13909868828999805
GAT,CCT,GAC,,,,,,,,,,4.370134563726775e-05,8.434023739557346e-05,-0.9485433790350282,4.370134563726775e-05,8.762756274708101e-05,-1.0037070292629018,4.370134563726775e-05,7.833857933990708e-05,-0.8420452620416654
GAT,CCT,GAT,,,,,,,,,,6.175190144396529e-05,9.543763705288576e-05,-0.6280747633220987,6.175190144396529e-05,7.757194079249792e-05,-0.3290513368920429,6.175190144396529e-05,0.0001158339677419139,-0.907502913123544
GAT,CGG,GAC,,,,0.00017965992941931344,0.00021216012506281056,-0.2398848587871907,,,,8.027747187715488e-05,0.0003817505482115431,-2.249563140068369,8.027747187715488e-05,0.0001149213937666636,-0.5175803063622073,8.027747187715488e-05,0.0001995290311392505,-1.3135315826952514
GAT,CGG,GAT,,,,0.00025794032723772863,0.00013027376100348018,0.9854908126665478,,,,0.00012413715572325332,0.00029519083088450716,-1.249712913755593,0.00012413715572325332,0.00020685850877999448,-0.7367093058052898,0.00012413715572325332,0.00028925013910119536,-1.2203826572846914
GAT,CGT,GAC,,,,,,,,,,9.832802768385244e-05,0.00011985191629897286,-0.28557836631259903,9.832802768385244e-05,6.607980141583157e-05,0.5733933536852831,9.832802768385244e-05,5.8251764124546286e-05,0.7553009631353227
GAT,CGT,GAT,,,,,,,,,,6.634370950005502e-05,0.00016202203499675956,-1.2881584475502772,6.634370950005502e-05,0.00015083432931874597,-1.1849332324449549,6.634370950005502e-05,7.432121629683493e-05,-0.16381443188718414
GAT,CTG,GAC,,,,,,,,,,5.3993329211261967e-05,8.212075746411101e-05,-0.6049657589743891,5.3993329211261967e-05,0.00010773880665624712,-0.9966849099498932,5.3993329211261967e-05,7.097341376094146e-05,-0.3944975247754581
GAT,CTG,GAT,,,,,,,0.00019249278152069297,0.00011236951828961765,0.776553607141885,0.00025777460397634745,0.0002130700734203961,0.27478216117548016,0.00025777460397634745,0.0002398984094879103,0.1036865433140104,0.00025777460397634745,0.0001493119931008485,0.7877800851095138
GAT,CTT,GAC,,,,,,,,,,4.829315369335747e-05,0.00010653503671019808,-1.1414373906405189,4.829315369335747e-05,9.768318470166406e-05,-1.0162915572782758,4.829315369335747e-05,8.637330542605139e-05,-0.8387668222094362
GAT,CTT,GAT,,,,,,,,,,5.7001755179044886e-05,0.00015314411527090973,-1.4258116828181056,5.7001755179044886e-05,0.00016232646869541233,-1.5098200145636973,5.7001755179044886e-05,0.00018546826048849795,-1.7020940689559438
GAT,GAG,GAC,,,,0.00020275906320179658,0.00018610537286211447,0.12364669683496388,0.00020275906320179658,0.0002454386846852175,-0.2755962530802343,5.858513726735168e-05,0.0002308259128720958,-1.9781985799943929,5.858513726735168e-05,0.00035912935552082374,-2.61589697262396,5.858513726735168e-05,0.0002832240945365871,-2.273337391840068
GAT,GAG,GAT,0.0002001924927815207,0.00030186238309570654,-0.5925031109400241,0.0002001924927815207,0.000204715910148326,-0.03223535622982432,0.0002001924927815207,0.0003785078510808174,-0.9189353510481624,0.0004257714435456992,0.0001509246353394473,1.4962508762529223,0.0004257714435456992,0.00032321641996874135,0.3975787001776521,0.0004257714435456992,0.0002972848651873397,0.5182331742863369
GAT,GAT,GAC,0.00021430863009303815,0.00031264318249198185,-0.5448271103981899,0.00021430863009303815,0.00033498967115180617,-0.6444266654230368,0.00021430863009303815,0.00024839577727178637,-0.21295070021511894,0.00024510754726989303,0.00042392066690932984,-0.7903793942609489,0.00024510754726989303,0.00034189114645582423,-0.4801221556417179,0.00024510754726989303,0.00027251112642172803,-0.15290022735826625
GAT,GAT,GAT,,,,0.0002361244786653834,0.0002679917369214449,-0.18264090695271307,0.0002361244786653834,0.00023656740692551084,-0.002703708740762423,0.0002756668215742143,0.0001265103560933602,1.1236701511167482,0.0002756668215742143,0.00013646915509791304,1.0143507308419686,0.0002756668215742143,0.00026380683982840495,0.06344366895829445
GAT,GCG,GAC,,,,0.000191209496310555,0.00011538533117451101,0.7286943485078723,0.000191209496310555,0.00017742555519413314,0.1079403549432314,0.0001418710351122895,0.0001664609948596845,-0.2306040908078888,0.0001418710351122895,0.0002758113450399926,-0.9591017271417376,0.0001418710351122895,0.0002008681521536079,-0.5016687676747065
GAT,GCG,GAT,0.00026435675328841834,0.00022639678732177992,0.2236326966597897,0.00026435675328841834,0.00033871177860904844,-0.3575719745828909,0.00026435675328841834,0.00030458053641659516,-0.20433756991041108,0.0003150930355730537,0.0004483349461554169,-0.5087990896903936,0.0003150930355730537,0.00034189114645582423,-0.11775919635511654,0.0003150930355730537,0.00021626804381871784,0.5429573615006564
GAT,GCT,GAC,,,,,,,,,,0.00012287045005260786,0.00013094931595628508,-0.09187052954432497,0.00012287045005260786,0.00015227084674082928,-0.30950176085425696,0.00012287045005260786,0.00014529463005777637,-0.2418433894937824
GAT,GCT,GAT,,,,,,,,,,9.056945545114909e-05,0.00013538827581921004,-0.5800063231541088,9.056945545114909e-05,9.911970212374736e-05,-0.13014726847796432,9.056945545114909e-05,0.00012721649636395166,-0.4901892707889886
GAT,GGG,GAC,0.0003785691369906961,0.00033959518098266987,0.15674081300461928,0.0003785691369906961,0.00037965496063871364,-0.004132059289705836,0.0003785691369906961,0.0005204482952361238,-0.4591980442985051,0.00040708753490367885,0.0002863129111586573,0.507746317040791,0.00040708753490367885,0.0004050979130274892,0.007068393956679131,0.00040708753490367885,0.0005048486224127344,-0.3105118176714381
GAT,GGG,GAT,0.0005530959255694579,0.0005821631673988626,-0.07389385081903832,0.0005530959255694579,0.00035732231589525985,0.6303036968005298,0.0005530959255694579,0.0004613064435047461,0.2618042703164392,0.00034232720749193066,0.0005282362236880653,-0.6258072779429042,0.00034232720749193066,0.0004553760228004045,-0.4116823708829411,0.00034232720749193066,0.0005865350042885349,-0.7768412511029528
GAT,GGT,GAC,0.00017965992941931344,0.00017249279034040375,0.05873260920029644,0.00017965992941931344,0.00017121694303314536,0.06944319932053844,0.00017965992941931344,0.0002602241476180619,-0.5344861716027438,0.00016277167867793932,0.0001708999547226094,-0.07030231387063424,0.00016277167867793932,0.00024133492690999361,-0.5681870220630678,0.00016277167867793932,0.000407762348871824,-1.3248788679488843
GAT,GGT,GAT,0.00019634263715110684,0.00027491038460501847,-0.485587907023513,0.00019634263715110684,0.00031265702640835243,-0.6712074416535234,0.00019634263715110684,0.00031936599934943963,-0.7018372293812281,0.00012667056706454423,0.00029741031081596966,-1.2313733230526598,0.00012667056706454423,0.000277247862462076,-1.1300949959715414,0.00012667056706454423,0.00026313727932122634,-1.0547343117203134
GAT,GTG,GAC,,,,0.00015142765479627846,0.00013027376100348018,0.21708217084946035,0.00015142765479627846,0.0001833397403672709,-0.2758908309354453,0.00018699742462903335,0.00022416747307770846,-0.2615585557242479,0.00018699742462903335,0.000224096717844994,-0.261103117943275,0.00018699742462903335,0.0002738502474360854,-0.5503687827810211
GAT,GTG,GAT,,,,0.00022200834135386593,0.0004280423575828634,-0.9471396848750652,0.00022200834135386593,0.0001596829996747198,0.4754031555628444,0.00014044599123281341,0.00026411811184403266,-0.9111677913764904,0.00014044599123281341,0.00033039900707915784,-1.2341939051214954,0.00014044599123281341,0.0002838936550437658,-1.0153351594985658
GAT,GTT,GAC,,,,,,,,,,0.0002460575765228771,0.00017533891458553432,0.4888497178609956,0.0002460575765228771,0.00012641353314332996,0.9608450212922276,0.0002460575765228771,0.00013926858549316814,0.8211260710301875
GAT,GTT,GAT,0.00014757779916586462,0.00022100638762364232,-0.5826123614183771,0.00014757779916586462,0.00018610537286211447,-0.33464400039776265,0.00014757779916586462,0.0002040393884732531,-0.4673719757442054,0.00010481989424591031,0.0002152895533518586,-1.038365757749521,0.00010481989424591031,0.0003390181116116576,-1.6934497910328083,0.00010481989424591031,0.00017274661085210278,-0.7207448478524672
GAT,TAG,GAC,0.0002489573307667629,0.0033204862140527717,-3.7374241062524436,0.0002489573307667629,0.0028846332793627753,-3.5344175195418863,0.0002489573307667629,0.0008930419611438036,-1.8428294670483627,0.0003401104725683012,0.00427693782792816,-3.6525029006799192,0.0003401104725683012,0.00264175553921118,-2.95742163490471,0.0003401104725683012,0.0005838567622598203,-0.7796110460279433
GAT,TAG,GAT,0.00029643888354186716,0.0026790286499743955,-3.175903407890896,0.00029643888354186716,0.0021290454655425897,-2.8444001569297463,0.00029643888354186716,0.0007954579057870303,-1.4240508910509782,0.0001955476879058901,0.004145988511971874,-4.406123735607234,0.0001955476879058901,0.0022122368300082737,-3.4999134575884074,0.0001955476879058901,0.0005537265394367791,-1.5016531919356648
GAT,TAT,AAC,0.0003721527109400064,0.0004905263725305232,-0.3984359579284309,0.0003721527109400064,0.000550871903671859,-0.5658221371814296,0.0003721527109400064,0.00033119436969571516,0.16821659804691969,0.0003627528364310885,0.0006547465797814258,-0.8519497233141404,0.0003627528364310885,0.0005875356256320678,-0.6956894381152576,0.0003627528364310885,0.00037562344452724683,-0.05030021654054728
GAT,TAT,AAG,0.00015014436958614053,0.0002156159879255047,-0.522113783048626,0.00015014436958614053,0.0002605475220069604,-0.7951961589289755,0.00015014436958614053,0.00043764970281219513,-1.5434262159559573,0.00023386553444291469,0.0002574596720496453,-0.13866720673239466,0.00023386553444291469,0.00028443044957249236,-0.2823966577930044,0.00023386553444291469,0.00023300705649818515,0.0053056156796316145
GAT,TAT,AAT,,,,,,,,,,0.00026094136815296096,0.00015758307513383463,0.727613085308926,0.00026094136815296096,0.0002585731359749931,0.01315328237535951,0.00026094136815296096,0.0001847986999813193,0.4977710711686196
GAT,TAT,ACG,,,,,,,,,,0.00022024844848347622,0.0001376077557506725,0.6785700717857529,0.00022024844848347622,0.00015083432931874597,0.5461670383979325,0.00022024844848347622,0.00017274661085210278,0.3504744498825545
GAT,TAT,ACT,,,,,,,,,,0.00030765113975801174,7.546231766972363e-05,2.0274670219653945,0.00030765113975801174,0.00015083432931874597,1.028330519441038,0.00030765113975801174,0.0002477373876561164,0.3124837258326032
GAT,TAT,AGG,,,,0.0001976259223612448,0.00021588223252005289,-0.1274723160000839,0.0001976259223612448,0.0002276961291658042,-0.20433756991041108,0.0002850087758952245,0.00029297135095304467,-0.03975325051102807,0.0002850087758952245,0.0002858669669945757,-0.004337577804797378,0.0002850087758952245,0.00031670211989552177,-0.15212018135878935
GAT,TAT,AGT,0.00014372794353545077,0.00023178718701991752,-0.6894602403891632,0.00014372794353545077,0.00023077066234902203,-0.683119249896686,0.00014372794353545077,0.00015376881450158202,-0.09742236599389996,0.0002926090099190971,0.00016868047479114693,0.7946812056028616,0.0002926090099190971,0.0002758113450399926,0.0852923922167168,0.0002926090099190971,0.00035218882677599253,-0.26737494711267473
GAT,TAT,ATG,0.00023484119345524546,0.0003072527827938441,-0.3877405836253676,0.00023484119345524546,0.00017493905049038765,0.4248331250389921,0.00023484119345524546,0.0001685542774344265,0.4784722542088904,0.00025539953084388725,0.00019087527410577155,0.4201256460839336,0.00025539953084388725,0.0003131607980141583,-0.2941477500994676,0.00025539953084388725,0.00032272816446012997,-0.33756361231074905
GAT,TAT,ATT,0.00018350978504972726,0.00031803358219011937,-0.7933221203281207,0.00018350978504972726,0.00024193698472074892,-0.3987743378174784,0.00018350978504972726,0.00028388088831061303,-0.6294287338531781,0.00028580046693937785,0.00038397002814300553,-0.4259854282318027,0.00028580046693937785,0.0002054219913579112,0.476417636517958,0.00028580046693937785,0.0002336766170053638,0.2904948963284504
GAT,TAT,CAC,0.0001450112287455887,0.0002156159879255047,-0.5722995402168429,0.0001450112287455887,0.00019727169523384142,-0.4440193537154258,0.0001450112287455887,0.00015376881450158202,-0.08459832563631586,0.00013205406616478732,0.00024636227239233305,-0.8996526152750537,0.00013205406616478732,0.00020829502620207775,-0.6574996650484549,0.00013205406616478732,0.00016002496121570765,-0.27716823377251565
GAT,TAT,CAG,,,,,,,,,,0.0002156566404273865,0.0002308259128720958,-0.09806905249863362,0.0002156566404273865,0.00030454169348165857,-0.4979036150293137,0.0002156566404273865,0.0002276505724407556,-0.07808494736206129
GAT,TAT,CAT,,,,0.00030542188001283284,0.00018610537286211447,0.7146837119658045,0.00030542188001283284,0.000206996481059822,0.5611971764525645,0.0002439991798080782,0.0003218245900620567,-0.3993982658697615,0.0002439991798080782,0.00018818378229291165,0.37473399649914896,0.0002439991798080782,0.0002075637572253948,0.2333217420041169
GAT,TAT,CCG,,,,,,,,,,7.283557606211292e-05,0.00013316879588774758,-0.8705408670337533,7.283557606211292e-05,0.000277247862462076,-1.9284611348018887,7.283557606211292e-05,0.00013725990397163207,-0.9141950477975004
GAT,TAT,CCT,,,,,,,,,,0.00019665605536770488,0.00013982723568213497,0.4920292123509533,0.00019665605536770488,0.00013072308540957984,0.5891606695436007,0.00019665605536770488,0.00021894628584743258,-0.15490236651403144
GAT,TAT,CGG,0.00014116137311517482,0.00026412958520874316,-0.9039005383352166,0.00014116137311517482,0.00022704855489177973,-0.6856554856056398,0.00014116137311517482,0.00029866635124345745,-1.081189339137547,0.00019428098223524463,0.0003595557488969185,-0.8880707915913302,0.00019428098223524463,0.0001939298519812448,0.002609788133890234,0.00019428098223524463,0.0002209549673689687,-0.1856076798193396
GAT,TAT,CGT,0.0003233878729547642,0.00026951998490688084,0.2628733259805234,0.0003233878729547642,0.00035360020843801764,-0.12885354639844593,0.0003233878729547642,0.00013306916639559984,1.2810892572598291,0.00012952065482349645,0.00028409343122719487,-1.133183289427862,0.00012952065482349645,0.00015370736416291258,-0.2470041019375824,0.00012952065482349645,0.00020488551519668002,-0.6616358089873327
GAT,TAT,CTG,0.00027462303496952195,0.00023717758671805517,0.21148496001918105,0.00027462303496952195,0.00032010124132283703,-0.2210756298683645,0.00027462303496952195,0.00026613833279119973,0.045276320161059765,0.00020568133327105364,0.00030628823054181946,-0.5744790636998989,0.00020568133327105364,0.00025282706628666,-0.29774005166760104,0.00020568133327105364,0.00034013673764677596,-0.7257039705607156
GAT,TAT,CTT,0.00024382418992621109,0.0002964719833975689,-0.282054512938382,0.00024382418992621109,0.0003759328531814713,-0.6246337359882617,0.00024382418992621109,0.000387379128840524,-0.6679049631169143,0.0003991706244621449,0.00030184927067889453,0.4031772392385893,0.0003991706244621449,0.0002054219913579112,0.9584149176019654,0.0003991706244621449,0.00023568529852689994,0.7601437849848125
GAT,TAT,GAA,0.0015822906641000962,0.0023448238686898638,-0.5674649140779202,0.0015822906641000962,0.002062047531312229,-0.38206294321376255,0.0015822906641000962,0.0014933317562172872,0.08347993685327104,0.0015608980626528456,0.002852031711929261,-0.8696137007796221,0.0015608980626528456,0.00213610140663786,-0.4526038148593727,0.0015608980626528456,0.0015855192809991448,-0.02257909919415013
GAT,TAT,GAC,1.0,1.0,0.0,1.0,1.0,0.0,1.0,1.0,0.0,1.0,1.0,0.0,1.0,1.0,0.0,1.0,1.0,0.0
GAT,TAT,GAG,0.0006583253128007701,0.0010026143438535966,-0.6068942032456466,0.0006583253128007701,0.0009007500046526344,-0.4523260832349543,0.0006583253128007701,0.0007451873318153593,-0.1788024778032753,0.0006892462230399512,0.000739086817176999,-0.10072438465297218,0.0006892462230399512,0.0007685368208145628,-0.15709492497879296,0.0006892462230399512,0.0006963429274658407,-0.014778507476984616
GAT,TAT,GAT,0.000682707731793391,0.0010349567420424224,-0.6002304729646362,0.000682707731793391,0.0007406993839912157,-0.1176200466098738,0.000682707731793391,0.0006830883874974125,-0.0008041758252801401,0.0007535315358252072,0.0011585685242234038,-0.6206035797790044,0.0007535315358252072,0.0008432357267628941,-0.1622681024277437,0.0007535315358252072,0.0007117428191309506,0.0823118583929574
GAT,TAT,GCC,0.0005107475136349053,0.0006684095625690645,-0.3881220975878961,0.0005107475136349053,0.0006811456646753393,-0.415353079307808,0.0005107475136349053,0.0005559334062749505,-0.1223018010444008,0.0005266328825708423,0.0009654737701861699,-0.8744394598184329,0.0005266328825708423,0.0007010205019766481,-0.4126590327538011,0.0005266328825708423,0.0004693619155322638,0.16609682004021664
GAT,TAT,GCG,0.00028617260186076355,0.0003611567797752203,-0.33573969828213635,0.00028617260186076355,0.00027915805929317177,0.03580334785701034,0.00028617260186076355,0.00029866635124345745,-0.061649152741901865,0.00017179695658128808,0.00038397002814300553,-1.1602892226744927,0.00017179695658128808,0.00030597821090374183,-0.8327244413721804,0.00017179695658128808,0.00022229408838332607,-0.3717651032515121
GAT,TAT,GCT,0.0003477702919473853,0.000253348785812468,0.4570097819315642,0.0003477702919473853,0.00018238326540487225,0.9311613356712484,0.0003477702919473853,0.00026613833279119973,0.3859583751137841,0.00014456278466241107,0.00019975319383162135,-0.4665223687150633,0.00014456278466241107,0.00028012089730624246,-0.9543534122435736,0.00014456278466241107,0.0002249723304120408,-0.6380513720309686
GAT,TAT,GGC,0.00034007058068655764,0.00022639678732177992,0.5869807189271334,0.00034007058068655764,0.00034615599352353304,-0.02558812322488357,0.00034007058068655764,0.00021586775881952863,0.6556864206601336,0.0005405666449479423,0.0003995063876632428,0.4362539243284527,0.0005405666449479423,0.0003763675645858233,0.5223301930121025,0.0005405666449479423,0.00029393706265144623,0.8789652142559491
GAT,TAT,GGG,0.0007353224254090471,0.000576772767700725,0.35037393461108834,0.0007353224254090471,0.0006104256229877358,0.268561462571407,0.0007353224254090471,0.0006801312949108436,0.11256370790211713,0.0006021602081830768,0.0006436491801241134,-0.09612718875395564,0.0006021602081830768,0.0006694171186908155,-0.15275806950187487,0.0006021602081830768,0.0005851958832741777,0.041227754893562014
GAT,TAT,GGT,0.00044529996791786974,0.00024256798641619282,0.8763883485039177,0.00044529996791786974,0.0006029814080732511,-0.4373360118737786,0.00044529996791786974,0.0005115770174764172,-0.200173944968876,0.00038333680357907683,0.000443895986292492,-0.2116091481453992,0.00038333680357907683,0.0004108439827158224,-0.09997812125763872,0.00038333680357907683,0.00035888443184777945,0.09509317430473274
GAT,TAT,GTC,0.00037086942572986853,0.0005498207692100369,-0.5680500672154859,0.00037086942572986853,0.0005694824409580705,-0.6187400217593879,0.00037086942572986853,0.0003666794807345418,0.016391802203392203,0.00040012065371512897,0.0007923543355320982,-0.985710637453936,0.00040012065371512897,0.0006062103521191505,-0.5993833882405948,0.00040012065371512897,0.0004111101514077175,-0.039089895661835065
GAT,TAT,GTG,0.0004465832531280077,0.0003288143815863946,0.4416557505411731,0.0004465832531280077,0.00038709917555319824,0.20622591614022312,0.0004465832531280077,0.0004169500547062128,0.09905457353952407,0.0003293434743678149,0.0004527739060183418,-0.459197851312652,0.0003293434743678149,0.0003950422910729061,-0.26241414386175244,0.0003293434743678149,0.0003341106930821678,-0.02073319154523645
GAT,TAT,GTT,0.0002412576195059352,0.0003827183785677708,-0.6657086755717128,0.0002412576195059352,0.00037221074572422905,-0.6255451996645007,0.0002412576195059352,0.0003844220362539551,-0.6721165312612278,0.00048308987514240556,0.00030406875061035697,0.6678940592485176,0.00048308987514240556,0.0004180265698262389,0.20869697319218794,0.00048308987514240556,0.00042115355901539784,0.1979452584629371
GAT,TAT,TAA,,,,,,,,,,4.607641876972795e-05,9.099867718996084e-05,-0.9818169840794119,4.607641876972795e-05,5.171462719499862e-05,-0.16654380701221427,4.607641876972795e-05,4.486055398097243e-05,0.03858115321408029
GAT,TAT,TAC,0.0010343278793711905,0.001918982292536992,-0.8916478101830982,0.0010343278793711905,0.0014144008337520705,-0.4514974413703943,0.0010343278793711905,0.0010882100718573498,-0.07326349743945748,0.0011390850743279136,0.0019287280604408773,-0.7597742450486322,0.0011390850743279136,0.001532764089362876,-0.4282601651672291,0.0011390850743279136,0.0010317927415623661,0.1427222983841645
GAT,TAT,TAG,0.0008559512351620147,0.005789289275799801,-2.7577857345454966,0.0008559512351620147,0.004835017586957736,-2.4979206258307096,0.0008559512351620147,0.001262678534464914,-0.5608868783463166,0.000564475714481375,0.006438711281172595,-3.511788541236357,0.000564475714481375,0.004457513560724465,-2.9812557686756533,0.000564475714481375,0.0011416006647396715,-1.0160746618167131
GAT,TAT,TAT,0.0002412576195059352,0.00043662237554914696,-0.8558115589516557,0.0002412576195059352,0.00044293078741183264,-0.8765067731977201,0.0002412576195059352,0.00036372238814797294,-0.5922632235720133,0.0005556087747868568,0.0003262635499249816,0.7680315651961909,0.0005556087747868568,0.0003131607980141583,0.8271657591470554,0.0005556087747868568,0.0003783016865559616,0.5545321758631854
GAT,TAT,TCG,0.00024510747513634904,0.0004959167722286608,-1.0166835357659334,0.00024510747513634904,0.0003759328531814713,-0.6170605162834608,0.00024510747513634904,0.000257267055031493,-0.06985223772339211,0.00022119847773646031,0.00018865579417430908,0.2295850469021499,0.00022119847773646031,0.00017812816033832858,0.31242584654440186,0.00022119847773646031,0.00026313727932122634,-0.250474196085575
GAT,TAT,TCT,0.00013987808790503692,0.0003719375791714956,-1.4108905397459104,0.00013987808790503692,0.00034615599352353304,-1.307252347898519,0.00013987808790503692,0.00033119436969571516,-1.243508167191088,0.00015358806256575983,0.00031516615026766926,-1.037046504799804,0.00015358806256575983,0.0002054219913579112,-0.4195245481820855,0.00015358806256575983,0.00017676397389517496,-0.2027581815203945
GAT,TAT,TGG,0.0002091754892524864,0.000393499177964046,-0.9116468123936096,0.0002091754892524864,0.0008039752107643348,-1.942437209499806,0.0002091754892524864,0.000594375609900346,-1.5066611068582638,0.00040597916744186414,0.0004194817070464049,-0.04720219997194342,0.00040597916744186414,0.00044962995311207136,-0.14733244879206353,0.00040597916744186414,0.0003649104764123877,0.15386312771802224
GAT,TAT,TGT,0.0003978184151427655,0.0003988895776621837,-0.0038793680993816078,0.0003978184151427655,0.0004019876053821674,-0.015040958456646438,0.0003978184151427655,0.0004169500547062128,-0.06776451703496811,0.0004894234034956326,0.000468310265538579,0.06361842778142622,0.0004894234034956326,0.0004108439827158224,0.25249245360164885,0.0004894234034956326,0.00032138904344577264,0.6067623440132746
GAT,TAT,TTG,0.0005017645171639396,0.000506697571624936,-0.014114462114955371,0.0005017645171639396,0.0006104256229877358,-0.2828050688781456,0.0005017645171639396,0.0004613064435047461,0.12128500853469147,0.00034470228062439087,0.00048606610499027874,-0.4958016897825797,0.00034470228062439087,0.0005717339339891514,-0.7299930768336278,0.00034470228062439087,0.0004941356542978755,-0.5195563131086214
GAT,TAT,TTT,0.0004863650946422842,0.0007277039592485783,-0.5813119666244067,0.0004863650946422842,0.00046154132469804405,0.07557986621680257,0.0004863650946422842,0.0007777153502676169,-0.6772025210316208,0.0004341633686137252,0.0004993829845790534,-0.20190865780742406,0.0004341633686137252,0.0005343844810149856,-0.2996401038069916,0.0004341633686137252,0.0005088659854558066,-0.22904775178815304
GAT,TCG,GAC,,,,,,,,,,6.792709158836183e-05,0.00015314411527090973,-1.1728309416482343,6.792709158836183e-05,0.0001810011951824952,-1.413940234478556,6.792709158836183e-05,0.00013859902498598943,-1.0288581192362098
GAT,TCG,GAT,,,,,,,,,,0.00024748262040235323,0.0001708999547226094,0.5341751999351523,0.00024748262040235323,0.00013503263767582972,0.8740190628438427,0.00024748262040235323,0.0001894856235315701,0.3852388209313524
GAT,TCT,GAC,,,,0.00019249278152069297,0.00014888429828969162,0.3706127340411047,0.00019249278152069297,0.00019516811071354644,-0.019912998772984025,0.00021407325833907968,0.00011319347650458545,0.9193137719410772,0.00021407325833907968,0.00016376298611749563,0.38649527363925706,0.00021407325833907968,0.0002249723304120408,-0.07164298573300698
GAT,TCT,GAT,,,,,,,,,,2.2167349236295237e-05,0.00012207139623043528,-2.4612170189493057,2.2167349236295237e-05,0.00010773880665624712,-2.281029822029099,2.2167349236295237e-05,0.00018011177643106842,-3.0223843448480885
GAT,TGG,GAC,0.00018094321462945142,0.00027491038460501847,-0.6034243973173705,0.00018094321462945142,0.00024193698472074892,-0.41909432219707377,0.00018094321462945142,0.0001271549812224621,0.5089490277862847,0.00022373188907775116,0.0002508012322552579,-0.16477353445086074,0.00022373188907775116,0.00011923094603291347,0.9080121705088297,0.00022373188907775116,0.0003207194829385939,-0.5195410946386723
GAT,TGG,GAT,0.0003593198588386269,0.0002910815836994313,0.3038451070368282,0.0003593198588386269,0.00036848863826698683,-0.03635146470205797,0.0003593198588386269,0.0002276961291658042,0.6581589063396525,0.00024447419443457034,0.00030184927067889453,-0.3041461263518705,0.00024447419443457034,0.0003691849774754068,-0.5946616604039825,0.00024447419443457034,0.00031871080141705787,-0.3825657252762937
GAT,TGT,GAC,0.0004016682707731793,0.0003503759803789451,0.19710062615949475,0.0004016682707731793,0.00037965496063871364,0.08131564339370811,0.0004016682707731793,0.00040216459177336837,-0.0017815642281320265,0.0004628225844120784,0.0005038219444419784,-0.12245469585447387,0.0004628225844120784,0.0004510664705341546,0.037119216436240166,0.0004628225844120784,0.00032540640648884484,0.5082166109638404
GAT,TGT,GAT,,,,,,,,,,0.00020013949596197982,0.000275215511501345,-0.4595558845793839,0.00020013949596197982,0.0002341523397995771,-0.2264415545321601,0.00020013949596197982,0.00022162452787614735,-0.1471116578665459
GAT,TTG,GAC,,,,,,,,,,0.0001178036273700261,0.00018865579417430908,-0.6793724473992809,0.0001178036273700261,0.00016519950353957892,-0.487825388314528,0.0001178036273700261,0.00021827672534025392,-0.8897743423594768
GAT,TTG,GAT,0.0002720564645492461,0.00017788319003854134,0.6129759274600772,0.0002720564645492461,0.00013027376100348018,1.0623595760508184,0.0002720564645492461,0.00029866635124345745,-0.13462859809900785,0.00013205406616478732,0.00026633759177549515,-1.0121273445334662,0.00013205406616478732,0.0002657557230854096,-1.0089720355498333,0.00013205406616478732,0.0001995290311392505,-0.5954699462539281
GAT,TTT,GAC,0.0006390760346487008,0.00092714874807967,-0.5368132303786854,0.0006390760346487008,0.0006662572348463701,-0.060091706763587986,0.0006390760346487008,0.0006239465357660347,0.03456517345048482,0.0006985881773609612,0.0009854490895693322,-0.4963391131283341,0.0006985881773609612,0.0007843385124574791,-0.1670342138066534,0.0006985881773609612,0.0006708996281930504,0.05834528315974375
GAT,TTT,GAT,,,,0.00015142765479627846,0.00016749483557590308,-0.14548790853524807,0.00015142765479627846,9.758405535677322e-05,0.6339113600929753,2.264236386278728e-05,0.00016868047479114693,-2.897196499034808,2.264236386278728e-05,0.00012210398087708009,-2.431013747837497,2.264236386278728e-05,0.00010779924165576958,-2.251250540572657
GCG,TAT,GAC,,,,,,,,,,6.365195994993346e-05,0.00010875451664166052,-0.7727984753058905,6.365195994993346e-05,0.00013503263767582972,-1.0850313089768928,6.365195994993346e-05,6.7625611225048e-05,-0.08736479080929628
GCT,TAT,GAC,0.0002489573307667629,0.0003557663800770827,-0.5150316849159946,0.0002489573307667629,0.0003498781009807753,-0.4909538710579238,0.0002489573307667629,0.0002395244995120797,0.05572526939209155,0.00033852709047999435,0.0003817505482115431,-0.17335893935121938,0.00033852709047999435,0.00030023214121540866,0.17319285716142294,0.00033852709047999435,0.00025376343222072465,0.4157871003129685
GGG,TAT,GAC,,,,,,,,,,0.00012223709721728514,0.00021750903328332104,-0.8313931292167389,0.00012223709721728514,0.00013646915509791304,-0.15889271954105233,0.00012223709721728514,0.0001519902351295633,-0.31429644925926503
GGT,TAT,GAC,0.00033750401026628167,0.0004312319758510093,-0.3535595133397287,0.00033750401026628167,0.00035360020843801764,-0.06721448060605972,0.00033750401026628167,0.0002602241476180619,0.3751498007445928,0.0003830201271614155,0.0003595557488969185,0.09120472872568897,0.0003830201271614155,0.0003835501516962398,-0.001995026185813486,0.0003830201271614155,0.00029192838112991013,0.3918057299665687
GTG,TAT,GAC,,,,,,,,,,2.0108952521496392e-05,0.00011097399657312297,-2.464311825372169,2.0108952521496392e-05,0.0002054219913579112,-3.3526807984844087,2.0108952521496392e-05,0.00014797287208649114,-2.8794228718556947
GTT,TAT,GAC,0.00046583253128007696,0.0007762175565318169,-0.7366496711912305,0.00046583253128007696,0.0005471497962146167,-0.2321244684080277,0.00046583253128007696,0.0004731348138510217,-0.02243992680202389,0.0005302746613739482,0.0008877919725849838,-0.7434818514376199,0.0005302746613739482,0.0007024570193987313,-0.4056701427237037,0.0005302746613739482,0.0005349788452357757,-0.012742031457690928
TAG,TAT,GAC,,,,,,,,,,0.00015121298943329963,0.0020241656974937638,-3.742673413611241,0.00015121298943329963,0.001383366277466213,-3.1935292133985325,0.00015121298943329963,0.0002771980499719789,-0.8743350338126437
TAT,TAT,GAC,0.000685274302213667,0.0010565183408349727,-0.6245643201723219,0.000685274302213667,0.0011166322371726869,-0.7044006203757398,0.000685274302213667,0.0007629298873347725,-0.15486889364611045,0.0008646849584243448,0.001404930796615737,-0.7002525703236895,0.0008646849584243448,0.0011994920474395511,-0.4721770943653354,0.0008646849584243448,0.0008804720669399812,-0.02610264194183109
TAT,TAT,TAC,,,,,,,,,,,,,,,,2.2167349236295237e-05,2.81215413015051e-05,-0.343239405070225
TCG,TAT,GAC,,,,,,,,,,4.686810981388136e-05,0.00015758307513383463,-1.7494340762453433,,,,4.686810981388136e-05,0.0001037818786126974,-1.146876038881718
TCT,TAT,GAC,,,,,,,,,,,,,4.4651374890251834e-05,9.911970212374736e-05,-1.1504672528575597,4.4651374890251834e-05,4.1512751445078964e-05,0.10515004277548813
TGG,TAT,GAC,,,,,,,,,,0.00017765547030802324,7.768179760118608e-05,1.193433621294215,0.00017765547030802324,9.050059759124758e-05,0.9730828886306906,0.00017765547030802324,9.708627354091049e-05,0.8717428713574282
TGT,TAT,GAC,,,,0.00013859480269489893,0.00020843801760556823,-0.5887452814615504,,,,0.00011463686319341248,0.0001598025550652971,-0.4792194367287177,0.00011463686319341248,0.00012066746345499678,-0.07396568417373928,0.00011463686319341248,0.00015399891665109942,-0.4258491630975989
TTG,TAT,GAC,,,,,,,,,,0.0001258788760203908,8.655971732703593e-05,0.5402685089398567,0.0001258788760203908,0.0001695090558058288,-0.4293261476683092,0.0001258788760203908,9.976451556962526e-05,0.33543753047312563
TTT,TAT,GAC,,,,,,,,,,5.9851842937997133e-05,0.00018865579417430908,-1.65628883428624,5.9851842937997133e-05,0.00010630228923416384,-0.8287050898860624,5.9851842937997133e-05,6.62864902106906e-05,-0.14731919509496727
