site_2,count_x,proportion_x,count_y,proportion_y,ratio
AAG,15276,0.04510439026694736,8812,0.017420321599854502,1.3724966079836785
AAT,18419,0.05438450931702694,10205,0.020174124140548706,1.4306897377882315
ACG,234,0.0006909156403813618,184,0.0003637470692661403,0.9255739465884396
ACT,280,0.0008267366637041936,150,0.0002965329369017448,1.4792355095111347
AGG,21115,0.0623448023361216,10614,0.02098267061516746,1.5710709763390982
AGT,2179,0.006433782822183706,3071,0.006071017661501722,0.08372886720208061
ATG,390,0.0011515260673022696,548,0.0010833336628143743,0.08806941385113198
ATT,318,0.0009389366394926199,289,0.0005713201250973617,0.7167284558457254
CAG,14441,0.04263894343054379,9189,0.018165607714600886,1.230962058686023
CAT,18001,0.05315030958335425,9210,0.01820712232576713,1.5455751756859444
CCG,312,0.0009212208538418158,892,0.0017633825314423758,-0.936726497996009
CCT,375,0.0011072366031752592,528,0.0010437959378941416,0.08512384908683757
CGG,16303,0.048136742244176675,11706,0.023141430395812165,1.056660466000336
CGT,18529,0.054709298720625014,10095,0.019956666653487425,1.4549152943962147
CTG,199,0.0005875735574183376,195,0.00038549281797226824,0.6080654898560862
CTT,251,0.0007411103663919735,261,0.000515967310209036,0.5224087404429358
GAG,21888,0.06462718605413353,13132,0.02596047018262475,1.3158246633749648
GAT,22516,0.06648143828558437,11387,0.022510803683334454,1.5623340292999432
GCG,209,0.0006170998668363445,329,0.000650395574937827,-0.07581345859231092
GCT,230,0.000679105116614159,229,0.00045270695033666373,0.5850574459094791
GGG,28425,0.08392853452068466,20131,0.03979669701846016,1.076512692796244
GGT,18605,0.05493369867220187,15526,0.0306931358555766,0.8397753808558681
GTA,338681,1.0,505846,1.0,0.0
GTG,888,0.002621936276319014,924,0.001826642891314748,0.5214380079960979
GTT,1370,0.004045104390266947,1774,0.0035069962004246353,0.20594106660887324
TAG,11072,0.03269152978761725,9590,0.018958339099251553,0.7860843107932789
TAT,15785,0.046607279416323914,7499,0.014824669958841229,1.652555315155671
TCG,1952,0.00576353559839495,2321,0.004588352976992998,0.32897771328045167
TCT,1656,0.0048895568396219455,2333,0.004612075611945137,0.08428754857717458
TGG,18446,0.05446423035245555,10014,0.019796538867560484,1.4600608254902259
TGT,210,0.0006200524977781453,308,0.0006088809637715826,0.026230160033270167
TTG,453,0.0013375418166357133,630,0.0012454383349873282,0.10293040472100579
TTT,6934,0.020473542950445994,4958,0.009801402007725672,1.0627007481781598
