,Mean0,Mean1,Mean2,Mean3
*,-4.589703071916158,,,
A,-1.141434527536867,,-0.11454130855822964,-0.5122741245704017
C,-1.245974678636688,,,-0.9173746179799194
D,-0.8772248069192177,,,-1.280771599056493
E,-0.5147527997097205,,,
F,-1.5958616230261187,,,
G,-0.6109631941735859,,,-0.9856899288231704
H,-1.3594791365928076,,,
I,-1.839660959074656,,,
K,-1.7666786585832595,,,
L,-2.020048841058854,,,
M,-1.7749943306763656,,,
N,-1.2257210934118445,,,
P,-4.715448509530555,0.1793069672055081,0.27147239793587286,
Q,-1.6447059041636545,,,
R,-1.4458145301064247,,,-0.1022670688139371
S,-1.1985719543825406,,0.06589273518784837,-0.656228056523779
T,-1.635280121727091,,0.1699465749592486,
V,-1.6353669236602104,,,-3.3258721887693086
W,-1.16283967950731,,,
Y,-2.1339542120482484,,0.015841781574245317,
