Translation,mean,std
*,-7.44130583214131,
A,-3.0792499041052164,
C,0.920161677793109,
D,-4.838098719873463,
E,-2.918505802621887,
F,-2.001620420392486,
G,-3.0942063298717937,1.2760255011547117
H,-4.165406096114086,
I,-3.926214944074947,
K,-3.4307498752289334,
L,-4.263626248715629,0.7222975302761959
M,-2.1247641116167397,
N,-3.0158600171311294,1.9646674743048396
P,-6.155166411900721,0.2326575668034874
Q,-1.7678671872125822,
R,-2.5436455532742555,1.323444860775928
S,-2.652425648383955,1.12657332984518
T,-1.8896049056886555,0.8253758120075161
V,-4.628429276873951,
W,-1.807772749410634,
Y,-2.5735269379477907,
