Translation,ratio_x,ratio_y,all_ratios,len,mean,std
*,[-2.326782743314805],[-2.8477531065242765],"[-2.326782743314805, -2.8477531065242765]",2,-2.5872679249195407,0.26048518160473577
A,"[0.7917651280650961, -2.086044403679473]","[0.0773987891468976, -0.9215122385405348]","[0.7917651280650961, -2.086044403679473, 0.0773987891468976, -0.9215122385405348]",4,-0.5345981812520035,1.0828743912490475
C,[0.0],[0.0],"[0.0, 0.0]",2,0.0,0.0
D,[0.7676282221835873],[-0.2803034632389032],"[0.7676282221835873, -0.2803034632389032]",2,0.24366237947234204,0.5239658427112452
E,[-0.9407721941468772],[-0.2135704514564853],"[-0.9407721941468772, -0.2135704514564853]",2,-0.5771713228016813,0.3636008713451959
F,[-0.272222057863555],[-0.2800040158530521],"[-0.272222057863555, -0.2800040158530521]",2,-0.2761130368583036,0.0038909789947485507
G,"[0.1567811448102887, -0.4068255301421271]","[0.4361933622484635, -1.0337884968169109]","[0.1567811448102887, -0.4068255301421271, 0.4361933622484635, -1.0337884968169109]",4,-0.21190987997507144,0.5633487942296136
H,[-0.6930090435677112],[-0.997074265813488],"[-0.6930090435677112, -0.997074265813488]",2,-0.8450416546905997,0.1520326111228884
I,[-0.1935612318919783],[-0.0670299015415771],"[-0.1935612318919783, -0.0670299015415771]",2,-0.1302955667167777,0.06326566517520059
K,[-1.1173293776858555],[0.3483358362141171],"[-1.1173293776858555, 0.3483358362141171]",2,-0.3844967707358692,0.7328326069499863
L,"[-0.0356445695768243, -0.2032820789638449, -0.2678890542612375]","[-0.7683993166457714, 0.5666481784345407, -0.1599541060458804]","[-0.0356445695768243, -0.2032820789638449, -0.2678890542612375, -0.7683993166457714, 0.5666481784345407, -0.1599541060458804]",6,-0.14475349117650296,0.39279982796590196
M,[-0.1464717044107661],[-1.21242068933487],"[-0.1464717044107661, -1.21242068933487]",2,-0.679446196872818,0.532974492462052
N,[-1.793863652186161],[-0.1682504121099395],"[-1.793863652186161, -0.1682504121099395]",2,-0.9810570321480503,0.8128066200381108
P,"[-1.0270314392721165, -0.8846291161093429]","[-0.324109082190688, -0.1124941468080003]","[-1.0270314392721165, -0.8846291161093429, -0.324109082190688, -0.1124941468080003]",4,-0.5870659460950369,0.37963080100554913
Q,[-0.4230490308934698],[-0.1249516936491748],"[-0.4230490308934698, -0.1249516936491748]",2,-0.2740003622713223,0.1490486686221475
R,"[-0.0488420000729625, -0.7675255936576608, -0.4656227146275551]","[-0.5675919117363186, 0.1204555307348389, -0.0171410735714534]","[-0.0488420000729625, -0.7675255936576608, -0.4656227146275551, -0.5675919117363186, 0.1204555307348389, -0.0171410735714534]",6,-0.29104462715518525,0.3258342292865815
S,"[-0.5536879728713835, 0.7251012897607563, -0.1649585963930295]","[-0.4085477850888619, 1.12243370335338, -0.4354217586125237]","[-0.5536879728713835, 0.7251012897607563, -0.1649585963930295, -0.4085477850888619, 1.12243370335338, -0.4354217586125237]",6,0.04748648002472294,0.6406226937553392
T,"[0.3226958571381626, 0.6950244732267468]","[-0.6042398326297675, -1.1102241259970658]","[0.3226958571381626, 0.6950244732267468, -0.6042398326297675, -1.1102241259970658]",4,-0.17418590706548098,0.7182499737208055
V,"[0.6612335649228722, -0.0118643044054511]","[0.4894336865096793, 0.3814506591338773]","[0.6612335649228722, -0.0118643044054511, 0.4894336865096793, 0.3814506591338773]",4,0.3800634015402444,0.2472992980087063
W,[-1.3017402891374292],[-0.9005910758775126],"[-1.3017402891374292, -0.9005910758775126]",2,-1.101165682507471,0.2005746066299583
Y,[-0.3156789333768177],[-0.3519590116711093],"[-0.3156789333768177, -0.3519590116711093]",2,-0.33381897252396353,0.01814003914714582
