,site_1,site_2,site_3,count_x,count_y,ratio
0,CTA,AAG,ATT,0.0003370050475025654,0.0013600977372560028,-2.012868223250349
1,CTG,AAG,ATT,0.00023552487589505132,0.0014767340257706891,-2.648458657060644
2,CTT,AAG,ATT,0.00022113589633876202,0.003835159317262566,-4.116281372596482
3,CTC,AAG,ATT,0.00021659200805782856,0.0018009433701165968,-3.05570090142567
4,CTA,AAT,ATT,0.00019765914022060578,0.005871352150654547,-4.892606213520254
5,CTG,AAT,ATT,0.0004044060570030785,0.0005673663526053384,-0.48847598939014425
6,CTC,AAT,ATT,9.466433918611387e-05,0.001166362885146863,-3.623051853989125
7,CAC,ACG,TAC,0.00011132526288286991,0.00018385042087908177,-0.723751460673677
8,CTG,ACG,ATT,0.0002271944140466733,0.000854014858277025,-1.9103338060695982
9,CAC,ACG,TCT,0.0011162818876826548,0.001949209838567469,-0.8041880216848529
10,CTA,ACG,ATT,0.0001249569277256703,0.0006998177310881177,-2.485548330239192
11,CAC,ACG,TCA,8.178998905680239e-05,0.00010872874353063976,-0.4107372057632013
12,CTC,ACT,ATT,0.0003991048540086561,0.000419099884154466,-0.07052629732799431
13,CTA,ACT,ATT,0.0004187950365593678,0.0007314479110243038,-0.8045107846836146
14,CTG,ACT,ATT,0.0003188294943788315,0.0010240270754340254,-1.6833968590221673
15,CTT,ACT,ATT,0.0002741479262829858,0.00034990886554405885,-0.35202465740180244
16,CTC,AGG,ATT,0.00019690182550711688,0.0012335770175112583,-2.647299400235802
17,CTT,AGG,ATT,0.00033397578864860977,0.0023505177465078303,-2.8151631485901447
18,CTG,AGG,ATT,0.000595249364802284,0.0018562961850049225,-1.6408608397971776
19,CTA,AGG,ATT,0.0005748018675380835,0.0014905722294927706,-1.3747296322552067
20,CTC,AGT,ATT,0.000502856969756637,0.001585462769301329,-1.6566839895100056
21,CTG,AGT,ATT,0.00033851967692954325,0.0015044104332148519,-2.151886616722239
22,CTA,AGT,ATT,0.0002544577437322741,0.0032579085334271695,-3.6784480988064683
23,CTT,AGT,ATT,0.00023628219060854025,0.00514781178461429,-4.445376508705397
24,CTC,ATG,ATT,0.00012798618657962595,0.0007215634797942457,-2.4951382118872054
25,CTA,ATG,ATT,9.163508033215823e-05,0.0005574819213752802,-2.6049531095262104
26,CTG,ATG,ATT,0.00015524951626522677,0.0005950427600495013,-1.9384045716562657
27,CTT,ATG,ATT,0.00011359720702333666,0.0003835159317262566,-1.755359146093257
28,CTG,ATT,ATT,0.00025521505844576303,0.0004625913815667219,-0.8580249328035556
29,CTT,ATT,ATT,0.00023779682003551806,0.0009330903081174903,-1.972287294872224
30,CTA,ATT,ATT,0.0003430635652104767,0.0007887776121586412,-1.20114269057812
31,CTC,ATT,ATT,0.00022946635818714005,0.0011288020464726419,-2.2984379462919016
32,CGA,CAG,CCA,0.00025521505844576303,0.0005555050351292686,-1.1220865334410757
33,CTA,CAG,ATT,0.00021583469334433963,0.0005218979689470708,-1.273841004708359
34,CTG,CAG,ATT,0.00021356274920387292,0.0014035892346682588,-2.716388856395259
35,CTG,CAT,ATT,0.00017645432824291626,0.0006405111437077687,-1.859928852632354
36,CTT,CAT,ATT,0.00023552487589505132,0.0006583031199218735,-1.4828725913426695
37,CTA,CAT,ATT,9.61789686130917e-05,0.00014431269595884913,-0.5854048665098599
38,CTT,CCG,ATT,0.00032640264151372067,0.0037956215923423335,-3.53961153092143
39,CTG,CCG,ATT,0.00045135956923939095,0.0034852504517185073,-2.948913233260031
40,CTA,CCG,ATT,0.0001916006225126945,0.0026885652945758194,-3.810662355845402
41,CTC,CCG,ATT,0.00025748700258622977,0.0030859194300241577,-3.583128880242217
42,CTG,CCT,ATT,0.00041803772184587887,0.003765968298652159,-3.1713158200045246
43,CTT,CCT,ATT,0.000596006679515773,0.0027261261332500405,-2.1934519104085037
44,CTC,CCT,ATT,0.00021886395219829528,0.0019867706772416904,-3.1823190979676212
45,CTA,CCT,ATT,0.00024385533774342935,0.004100062074228125,-4.0715482951006186
46,CTG,CGG,ATT,0.000579345755819017,0.0012434614487413166,-1.101865263701285
47,CTT,CGG,ATT,0.00013328738957404834,0.0014490576183265262,-3.442502763898524
48,CTA,CGG,ATT,0.0003513940270588547,0.0008737837207371413,-1.3141865586658703
49,CTC,CGG,ATT,0.00022189321105225092,0.0016744226503718524,-2.9157262993119613
50,CTG,CGT,ATT,0.00042864012783472364,0.0014530113908185495,-1.7612071912938543
51,CTA,CGT,ATT,0.0004468156809584575,0.000703771503580141,-0.6554272811192039
52,CTC,CGT,ATT,0.00018857136365873885,0.0010062350992199208,-2.4157849084096252
53,CTT,CGT,ATT,0.0003377623622160543,0.0024197087651182374,-2.840752937174356
54,TTA,CTG,CTG,0.00019690182550711688,0.0001541971271889073,0.3527005997641979
55,TTA,CTG,CCT,0.0002393114494624959,0.0004882909027648731,-1.0288514778095852
56,TTA,CTG,GGT,0.0007005161099772427,0.0009923968954978393,-0.502498992949107
57,TTA,CTG,AAG,0.0003218587532327872,0.0004131692254164311,-0.36030509545782863
58,TTA,CTG,AGT,0.00028550764698531943,0.0004250305428925009,-0.5740371307228056
59,TTA,CTG,TGG,0.00021129080506340618,0.00025106455324347724,-0.24882836934498798
60,CTT,CTG,ATT,8.481924791075803e-05,0.0003578164105281054,-2.0767559594276097
61,TTA,CTG,GTG,0.00020371765792851707,0.00032025557185388437,-0.6526526347300106
62,TTA,CTG,GGG,0.0006952149069828203,0.0011189176152425837,-0.6865728938200846
63,TTA,CTG,ATT,0.0002802064439908971,0.0006563262336758618,-1.2279229652326222
64,TTA,CTG,TAT,0.0004831667872059252,0.00028862539191769825,0.7433230604828438
65,TTA,CTG,CGG,0.0005520824261334162,0.0006207422812476524,-0.16911073896669926
66,TTA,CTG,TGT,0.00011208257759635883,0.0003775852729882217,-1.7522404568088081
67,TTA,CTG,GTT,0.00029383810883369747,0.0004092154529244078,-0.47783910971420696
68,TTA,CTG,GAG,0.00022340784047922876,0.00032420934434590764,-0.5372458547708909
69,TTA,CTG,TCT,0.00014237516613591528,0.00016803533091098871,-0.2390670788620728
70,TTA,CTG,AGG,0.00032110143851929825,0.00022734191829133768,0.4981654092168153
71,TTA,CTG,CAT,0.0003506367123453658,0.0003518857517900705,-0.005130042108170585
72,TTA,CTG,GCT,0.00046499123408219134,0.00010872874353063976,2.096470137443509
73,TTA,CTG,CCG,0.00030746977367649786,0.0008243615645868506,-1.4228326506614977
74,TTA,CTG,CGT,0.00044075716325054623,0.00033211688932995416,0.40829292572751363
75,TTA,CTG,TAG,0.0005354215024366601,0.00786207660038826,-3.876163436397823
76,TTA,CTG,TCG,0.00023173830232760677,0.0006326035987237222,-1.44880524659672
77,TTA,CTG,ACT,0.00018175553123733865,0.00011861317476069792,0.6157350055979904
78,TTA,CTG,TTG,0.00021962126691178418,0.0001482664684508724,0.5668254051170454
79,CTG,CTG,ATT,0.0001999310843610725,0.00015815089968093055,0.3382010300690812
80,TTA,CTG,ATG,0.00013404470428753725,0.00020164239709318646,-0.589084786290508
81,TTA,CTG,GCG,0.0002453699671704072,0.0004507300640906521,-0.8773050056821265
82,TTA,CTG,GAT,0.00017569701352942736,0.00044677629159862884,-1.3464629616896264
83,TTA,CTG,CAG,0.00010148017160751407,0.00026292587071954704,-1.3734582394454264
84,CTC,CTG,ATT,8.709119205122477e-05,0.00022931880453734931,-1.3967559385852066
85,TTA,CTG,ACG,7.648878606238001e-05,0.0003696777280041752,-2.2729479715378513
86,TTA,CTT,GAG,0.00020901886092293943,0.0004072385666783962,-0.9622410648070598
87,TTA,CTT,GGT,0.00037184152432305533,0.00018385042087908177,1.0161554088046518
88,TTA,CTT,GTT,0.0001916006225126945,0.00030641736813180295,-0.6773958249819376
89,CTG,CTT,ATT,0.0003847158744523668,0.000359793296774117,0.09662505217145956
90,TTA,CTT,TAG,0.000433941330829146,0.006033456822827501,-3.7974129124796354
91,TTA,CTT,TTG,0.0002408260788894737,0.00010675185728462813,1.173730458718877
92,TTA,CTT,GGG,0.00036881226546909966,0.0003044404818857913,0.27672642698543193
93,TTA,CTT,ATT,0.000689913703988398,0.0010339115066640835,-0.5836248868469003
94,TTA,CTT,CAT,8.330461848378021e-05,0.0004151461116624427,-2.317150798543473
95,TTA,CTT,CGT,0.000187056734231761,0.00012059006100670955,0.6333648996197816
96,TTA,CTT,GAT,0.00027187598214251904,0.00017198910340301198,0.6606315435723147
97,TTA,CTT,TCT,0.00022567978461969547,0.00017198910340301198,0.39196003021142367
98,TTA,CTT,CTT,8.330461848378021e-05,0.0001364051509748026,-0.7114297376555196
99,TTA,CTT,TTT,0.0003241306973732539,0.0002985098231477564,0.11879725267405838
100,TTA,CTT,AAG,0.00024385533774342935,0.0005594588076212919,-1.198006359119276
101,TTA,CTT,AGG,0.0001916006225126945,0.00024315700825943074,-0.34378592504694083
102,TTA,CTT,CAG,0.00021280543449038399,0.0005258517414390941,-1.3051211096822737
103,CTC,CTT,ATT,0.00015979340454616022,0.00045863760907469863,-1.5211468008223967
104,TTA,CTT,TGG,0.0001719104399619828,0.00022536503204532605,-0.3906065212758367
105,TTA,CTT,CGG,0.0001317727601470705,0.0003340937755759658,-1.342200934835466
106,CTT,CTT,ATT,0.00010375211574798081,0.0019432791798294343,-4.227280517782065
107,TTA,CTT,AAT,0.0002393114494624959,0.00030048670939376805,-0.32841175966849256
108,TTA,CTT,ATG,0.00022189321105225092,0.00033211688932995416,-0.5818255627585227
109,TTA,CTT,GCG,0.0001991737696475836,0.00027083341570359356,-0.44337808807023293
110,CTA,CTT,ATT,0.00022795172876016222,9.29136535625467e-05,1.2947658306800545
111,TTA,CTT,TAT,0.00023855413474900696,0.0003024635956397797,-0.3424448187073832
112,TTA,CTT,GTG,0.00014086053670893744,0.00040526168043238456,-1.524586282799424
113,TTA,CTT,CCT,8.027535962982456e-05,0.00011465940226867466,-0.5143255349663818
114,TTA,CTT,TGT,0.00015070562798429328,0.0001541971271889073,-0.03304259272060861
115,TTA,CTT,AGT,0.00011056794816938101,0.00032618623059191927,-1.5607626497678098
116,CTG,GAG,ATT,0.0006543199124544191,0.002223997026763086,-1.7650867783429405
117,CTT,GAG,ATT,0.0006777966685725754,0.005074666993511859,-2.904388702825809
118,CTC,GAG,ATT,0.00011208257759635883,0.0009923968954978393,-3.1463551827238323
119,CTA,GAG,ATT,0.0004899826196273254,0.0015103410919528868,-1.6240719204452514
120,CTA,GAT,ATT,0.0004725643812170805,0.0024098243338881793,-2.3503451861599736
121,CTC,GAT,ATT,0.00027111866742903016,0.00237424038145997,-3.130469652843386
122,CTG,GAT,ATT,0.0005649567762627276,0.0022951649316195048,-2.0223854310123386
123,CTT,GAT,ATT,0.0002499138554513406,0.006626522696630991,-4.728749213855546
124,CTC,GCG,ATT,0.00019462988136665014,0.0003400244343140007,-0.8049051999102304
125,CTG,GCG,ATT,0.0005513251114199272,0.0008045927021267343,-0.5453553384695606
126,CTA,GCG,ATT,0.00012798618657962595,0.0006563262336758618,-2.3584249894667497
127,CTA,GCT,ATT,0.0004551461428068355,0.0008579686307690483,-0.9145950461353038
128,CTG,GCT,ATT,0.0003771427273174777,0.0005357361726691523,-0.5064121036878007
129,CTC,GCT,ATT,0.00025521505844576303,0.000284671619425675,-0.157585214662463
130,CTT,GCT,ATT,0.00017493969881593845,0.002686588408329808,-3.940845693753344
131,CTG,GGG,ATT,0.0028656788758420395,0.012424730056183107,-2.116265650370485
132,CTT,GGG,ATT,0.0008057828551522013,0.009748026079083358,-3.596647096401939
133,CTA,GGG,ATT,0.0007179343483874876,0.0048809321414027195,-2.7652328666465325
134,CTC,GGG,ATT,0.00042258161012681235,0.002923814757851204,-2.7905500196718904
135,CTA,GGT,ATT,0.0002824783881313638,0.00388853524590488,-3.783014416425303
136,CTT,GGT,ATT,0.00035366597119932145,0.009190544157708078,-4.699690965211312
137,CTG,GGT,ATT,0.0006232700092013738,0.007452861147463853,-3.57986518213641
138,CTC,GGT,ATT,0.00040213411286261174,0.0034872273379645186,-3.1163317891553763
139,CTG,GTG,ATT,0.0006050944560776399,0.0007136559348101992,-0.23806832836120329
140,CTT,GTG,ATT,0.00021356274920387292,0.003969587581991357,-4.216257195953987
141,CTA,GTG,ATT,0.0003438208799239656,0.0007017946173341294,-1.0293917215031385
142,CTC,GTG,ATT,0.00018932867837222775,0.0008065695883727459,-2.0909060517114177
143,CTG,GTT,ATT,0.0003680549507556108,0.0004329380878765474,-0.23423955039740285
144,CTT,GTT,ATT,0.0003483647682048991,0.00512408914966215,-3.87862494634226
145,CTA,GTT,ATT,0.0003801719861714333,0.0015024335469688403,-1.9825770487821845
146,CTC,GTT,ATT,0.00041652309241890106,0.0005456206038992104,-0.38950164276815613
147,NNN,NNN,NNN,8.330461848378021e-05,0.0003044404818857913,-1.8696918215722516
148,CTT,TAG,ATT,0.0004975557667622145,0.005928681851788884,-3.574781240948421
149,CTC,TAG,ATT,0.00030444051482254224,0.003914234767103031,-3.6844980181900526
150,CTA,TAG,ATT,0.00031807217966534263,0.005723085682203675,-4.1693671096124865
151,CTG,TAG,ATT,0.0005573836291278385,0.007951036481458784,-3.8344004046503493
152,CTA,TAT,ATT,0.000289294220552764,0.004489508664692416,-3.9559481570731494
153,CTG,TAT,ATT,0.00018099821652384974,0.0035326957216227865,-4.2867221054627525
154,CTT,TAT,ATT,0.00022492246990620657,0.0011248482739806187,-2.3222307159078266
155,CTC,TAT,ATT,7.876073020284674e-05,0.0008322691095708971,-3.401501699327314
156,CTT,TCG,ATT,0.00016736655168104932,0.0006820257548740131,-2.0268149866761114
157,CTG,TCG,ATT,0.00012722887186613705,0.0008638992895070831,-2.763437041123847
158,CTC,TCG,ATT,0.0001310154454335816,0.0006899332998580596,-2.396719992974937
159,CTA,TCT,ATT,0.00033851967692954325,0.0012592765387094097,-1.8952835354749933
160,CTG,TCT,ATT,0.0003173148649518537,0.000784823839666618,-1.3064537578456168
161,CTC,TCT,ATT,0.0001249569277256703,0.003700731052533775,-4.8883074997396
162,CTT,TCT,ATT,8.784850676471368e-05,0.0008994832419352925,-3.3560067343604967
163,CTG,TGG,ATT,0.0003430635652104767,0.0009429747393475484,-1.4587432103612858
164,CTA,TGG,ATT,0.00025824431729971865,0.0005989965325415245,-1.213811048850788
165,CTC,TGG,ATT,0.0001862994195182721,0.00027676407444162846,-0.5710335060077352
166,CTT,TGG,ATT,9.466433918611387e-05,0.0005930658738034896,-2.647299400235802
167,CTT,TGT,ATT,0.0004672631782226581,0.007387623901345469,-3.982803163633336
168,CTA,TGT,ATT,0.00033927699164303213,0.0016823301953558989,-2.3099253940303672
169,CTG,TGT,ATT,0.00022870904347365112,0.0022220201405170744,-3.280286575297856
170,CTC,TGT,ATT,0.00025067117016482955,0.002536345053632924,-3.338883042684474
171,CTC,TTG,ATT,0.0002680894085750745,0.0035682796740509957,-3.734442566093545
172,CTG,TTG,ATT,0.00041728040713239,0.00013838203722081423,1.5923604972241812
173,CTA,TTG,ATT,0.0003362477327890765,0.0005594588076212919,-0.7345073708837866
174,CTT,TTG,ATT,0.0002453699671704072,0.0006088809637715826,-1.3112015322122854
175,CTG,TTT,ATT,0.00024461265245691825,0.0006523724611838385,-1.4151968539539013
176,CTT,TTT,ATT,0.00016888118110802716,0.0007868007259126295,-2.2199897150253527
177,CTC,TTT,ATT,0.0001643372928270937,0.0012236925862812002,-2.8965093611717947
178,TTA,CTC,ATT,1.0,1.0,0.0
