,Translation,mean,std,len
0,L*G,-1.6002769259053031,0.31913791053099777,4
1,LAG,0.4119374485227888,0.9458065799198202,8
2,LCG,-0.008449894125170054,0.642406508424344,4
3,LDG,-0.09921527747534964,0.30387699259602363,4
4,LEG,-0.2820639793685811,0.2389336764049129,4
5,LFG,-0.2996394586286735,0.36108953631244334,4
6,LGG,-0.07974465449549684,0.3589143286574019,8
7,LHG,0.3920367722924292,0.5940818218267313,4
8,LIG,0.3483456126031106,0.3351914225058069,4
9,LKG,-0.5945900470089702,0.7055334035787749,4
10,LLG,-0.02527771897691496,0.6945676594647557,12
11,LMG,0.3520238562797564,0.6810417383149869,4
12,LNG,-0.09702556543959996,0.12750429820289974,8
13,LPG,-0.2426140858343746,0.7864154881545159,8
14,LQG,0.14499787787319107,0.5639232863406789,4
15,LRG,-0.14308749252685402,0.6879132405896743,12
16,LSG,-0.029188766036721308,0.479598342526011,12
17,LTG,-0.3354338944351406,0.5528026052653793,8
18,LVG,-0.07790750449336957,0.3990387364845807,8
19,LWG,0.13101219341102174,0.5386988299468469,4
20,LYG,-0.3902825532104151,0.27701096584537704,4
