,Mean0,Mean1,Mean2,Mean3,Mean4,Mean5,Mean6,Mean7,Mean8,Mean9,Mean10,Mean11,Mean12,Mean13,Mean14,Mean15
*,-0.9710544566459532,0.1040689040493022,-0.48271561660372875,-0.3056691885037335,-0.7908982733493861,-0.7603171282108381,-0.4692912856785476,0.6693770043608991,-0.4027932869629822,-0.9811473700486526,-1.0944046991301106,-0.9067800601841696,-0.2507270165288702,-0.2732417467385737,0.15558920042300706,
A,1.5794094106266527,0.21027034485068027,,0.23743511448312943,0.6694928517041203,0.15790300456634548,0.5608093054016976,-0.20485606968060638,2.0411890529802594,-0.1974036572659188,1.0763784814425588,0.31633747597038875,-0.05913694077001589,-0.020986563944060777,0.14267410587149332,1.0793703876271854
C,0.7431236371144774,-0.2430329175811261,0.2395794294144209,0.6602370247293224,0.38403961838502276,-0.09042710984592062,,0.9091386852681147,0.29666457196446494,-0.13949279528294412,,,0.4283590956836125,0.16208612196213146,0.9967154838659997,0.6920353616608109
E,0.9841955981730196,-1.0362271507377923,0.34326354987610763,0.2095937538310615,,-0.3239879444733423,,-0.6787574313461526,0.6525976623209759,0.7191543515696495,0.7731102664943066,0.9499497863838098,-0.3204384568039105,1.8035568324822098,,
F,0.663186062399495,0.06227688145648358,0.8315198195684168,,2.118534007312844,0.002347585391738579,-0.21246404616860914,-0.9579447236128171,,-1.092515994245319,1.5764802429448421,,0.03672940478955944,,0.2598544458780918,
G,0.0060388925293971395,-0.494604155123921,1.1848845948433178,0.08558969070195234,0.5631151101221187,-0.14831228446212041,0.07223298252056179,-0.8358813304436706,-0.5124653311857404,-0.3916688466186482,0.37885232244415584,-0.7243743432006774,-0.675884644802635,0.10021214836257268,-0.20396307664791966,-0.2006268600132689
K,0.5338558127107249,-0.6153084825406321,1.313172382402879,2.28337433414843,,-0.6741038364861032,0.25136776070740297,-0.6490454908409564,0.574495440290617,-0.14363543855026473,1.4138820461785873,1.7272347397586847,0.7870821134584425,,,
L,0.2767297277258942,0.05185861905064382,0.7036214056734664,0.6046153232214815,-0.2543936776063447,-0.23018147205184228,0.5597631112667125,0.550493393216532,0.5583378327125712,-0.010322970039901236,1.749729739561431,0.3762443586239357,-0.061804792973757475,1.7881925164516375,0.6694471080034651,0.8636475591739887
N,0.16757345185304443,-0.3665917912998502,-0.19297428665424832,,,-0.6125134366775742,,,,2.114267976067941,,0.8626715851248088,-0.26226824510635716,,0.4014725212970707,0.23599268446273847
P,0.7967943276625054,,1.2290846394279402,1.3922514891052646,0.08666624942504465,0.803779284582229,0.9759362281077806,0.13346489299273046,0.06416391295257551,0.14987101192107133,,,0.07809149070576282,3.1245707174187807,0.9322416399424345,
Q,0.22921360232577825,-0.678199029554321,2.235274762631704,0.22911190314505303,,-1.3001318370743142,1.9030174602019976,-0.1018501249974273,0.5460448145075709,0.08929333219848568,-0.0787849086573873,-0.36913353230877455,0.19352127515360484,,0.6257284833107919,
R,0.9260835690578499,0.39307204191480494,0.19802748789345367,0.0006841902827977586,0.39141107666484487,-0.4699058380211853,,0.06275331679113931,0.07944757680928749,0.5196882251736991,0.500831816227825,1.2233423344415595,-0.24953448158418517,2.7888018913459742,0.09640858394090242,0.0003512107030886706
S,0.9228278666713123,-0.12428733147778796,0.8098729255858815,0.21365377492088422,0.8956875780875029,-0.20048442176059966,0.9004079335767798,0.8358717246918328,0.7369573325595404,-0.0459902139642836,1.58456167492497,2.096242335253702,0.026216598916992535,,0.9127310043093569,1.617113784902311
T,0.21241513002978815,0.2870273729461461,,0.09205489650178282,0.0819902115378448,0.02440150962891341,,0.3612368482591237,-0.3817672515987818,0.946094445401843,0.11740127711863362,2.0177352463255502,0.07517193758505503,,0.07887909118978209,
V,0.842130124721001,-0.6486818383069703,0.34079525013990697,0.2527250037909271,1.0696323513074795,-0.579483372807563,-0.1095305038904244,-0.6465263442280749,0.26528194242950054,0.15856229157403456,1.4668737964586107,0.9209840549939416,-0.2675092787427061,1.1898387077255157,0.502349856889946,0.3546903024063752
W,-0.362569687516487,-0.7765232561483293,0.5761775587449103,0.2786353107818942,1.4834718706753343,0.7369508977494649,1.0690842096932602,-0.1351168402683204,0.2432151284389259,-1.2162505892604396,0.7200044242170884,2.1654401174747147,0.18449952908221393,,1.6883764321842705,1.3502616275347643
D,,-0.7472907750167277,0.7939128962685373,0.47949699846451743,,-0.26141909656552514,1.2252592250460492,-0.19247638539510215,0.4706259313197183,-1.1210993778489775,,-0.11421202156098964,0.19514194959798914,-0.5347372534473749,-0.1747882822071126,0.4180997774619195
I,,-0.2793755853408424,0.4735055630959071,2.9339235017877137,,-0.4737170073261365,0.24363579824484205,0.4179428912645484,,0.4312602876963325,0.974518864831877,,1.3226103041170276,2.5744516472801298,1.3111739520063665,0.0026065906612071643
Y,,-0.26218590665796526,-0.007137485984775371,,,-0.18212221430126174,,-0.46629469506318166,,-0.7477322889319531,,,0.5052618300775382,,0.22581362085341064,0.9969969097160032
H,,,0.39162851435781487,0.4181585114255846,-0.07424376645260988,-0.22074104180964937,,,,0.06205400891329349,-0.09937606177528302,,-0.07890330640552268,,0.24485999724339358,1.638757650938981
M,,,,-0.3069329824523308,2.255618436738324,-0.37513023596408557,,0.4973435293400943,0.584650430992467,1.7054019949905337,1.5882080602880873,,0.71581361489112,,0.47612765825259196,1.2172752062711822
