,site_1,site_2,site_3,count_x_x,proportion_x_x,count_y_x,proportion_y_x,ratio_x,count_x_y,proportion_x_y,count_y_y,proportion_y_y,ratio_y,mean,std
GTCAAGGCT,GTC,AAG,GCT,568.0,0.0009208521124477,259.0,0.0001618733812661,2.5081037142070297,1794.0,0.003012665285162,600.0,0.0001845921544027,4.028627253223773,3.2683654837154013,1.075172505392507
GTGAAGGCT,GTG,AAG,GCT,1297.0,0.0021027204046561,268.0,0.0001674983250167,3.650038456182827,4972.0,0.0083494826074836,1743.0,0.0005362402085399,3.960735495727192,3.8053869759550096,0.21969598355640532
GTTAAGGCT,GTT,AAG,GCT,539.0,0.0008738367757206,304.0,0.0001899981000189,2.20137883169782,2497.0,0.0041932136103955,1204.0,0.0003704149231681,3.5008421979689013,2.8511105148333606,0.91885935819378
GTAAAGGCT,GTA,AAG,GCT,248.0,0.0004020621899419,200.0,0.0001249987500124,1.685505003001051,1799.0,0.0030210617881864,620.0,0.0001907452262161,3.985336834777636,2.8354209188893433,1.6262266838379025
GTCAATGCT,GTC,AAT,GCT,660.0,0.0010700042151681,205.0,0.0001281237187628,3.06200699712927,891.0,0.0014962568389517,831.0,0.0002556601338477,2.549058723551969,2.8055328603406195,0.3627092026444419
GTAAATGCT,GTA,AAT,GCT,312.0,0.0005058201744431,2.0,1.2499875001249988e-06,8.660567101251148,980.0,0.0016457145927863,614.0,0.0001888993046721,3.123024862432782,5.891795981841965,3.915633668175403
GTGAATGCT,GTG,AAT,GCT,329.0,0.0005333808890762,178.0,0.0001112488875111,2.261375225157744,1444.0,0.0024249100734526,736.0,0.000226433042734,3.4207748396305497,2.841075032394147,0.8198193294987898
GTTAATGCT,GTT,AAT,GCT,176.0,0.0002853344573781,3.0,1.8749812501874984e-06,7.2496340003050435,1190.0,0.001998367719812,822.0,0.0002528912515317,2.9822330433140145,5.115933521809529,3.017508154730319
GTGACGGCT,GTG,ACG,GCT,95.0,0.0001540157582438,246.0,0.0001537484625153,0.0025059853806084,157.0,0.0002636501949668,1123.0,0.0003454949823237,-0.390039694708582,-0.1937668546639868,0.27757171231655164
GTTACGGCT,GTT,ACG,GCT,85.0,0.0001378035731655,61.0,3.812461875381246e-05,1.8538184809637173,120.0,0.000201516072586,761.0,0.0002341243825007,-0.2163802790946345,0.8187191009345414,1.463851581641243
GTAACGGCT,GTA,ACG,GCT,37.0,5.998508478972796e-05,84.0,5.249947500524995e-05,0.1923008252390907,112.0,0.000188081667747,211.0,6.49149076316242e-05,1.5347375021508114,0.8635191636949511,0.949246077557812
GTAAGGGCT,GTA,AGG,GCT,791.0,0.0012823838396939,504.0,0.0003149968500314,2.0254188433617752,3605.0,0.0060538786806071,2330.0,0.0007168328662639,3.078151073386934,2.5517849583743546,0.7443940986244261
GTTAGGGCT,GTT,AGG,GCT,684.0,0.001108913459356,618.0,0.0003862461375386,1.521554369370424,2136.0,0.0035869860920323,1714.0,0.0005273182544104,2.766026306375446,2.143790337872935,0.8799745456526089
GTCAGGGCT,GTC,AGG,GCT,674.0,0.0010927012742777,173.0,0.0001081239187608,3.3371414359340346,2728.0,0.0045811320501237,1159.0,0.0003565705115879,3.6834448468180927,3.5102931413760636,0.24487349018414875
GTGAGGGCT,GTG,AGG,GCT,1582.0,0.0025647676793878,422.0,0.0002637473625263,3.2815995781545078,5661.0,0.0095065207242487,4107.0,0.0012635332968866,2.9114537451429374,3.0965266616487224,0.26173262855042484
GTCAGTGCT,GTC,AGT,GCT,319.0,0.0005171687039979,178.0,0.0001112488875111,2.216844065187372,1279.0,0.0021478254736467,1139.0,0.0003504174397745,2.615730285973916,2.416287175580644,0.2820551516400398
GTTAGTGCT,GTT,AGT,GCT,1134.0,0.0018384617878797,75.0,4.687453125468745e-05,5.29355111683525,1945.0,0.0032662396764995,1470.0,0.0004522507782866,2.8524357689502207,4.072993442892735,1.7261292161480621
GTGAGTGCT,GTG,AGT,GCT,1000.0,0.0016212185078304,407.0,0.0002543724562754,2.672064182784741,3025.0,0.0050798843297743,1341.0,0.00041256346509,3.622107673945237,3.147085928364989,0.6717821950217288
GTAAGTGCT,GTA,AGT,GCT,821.0,0.0013310203949288,175.0,0.0001093739062609,3.6051921823343775,1055.0,0.0017716621381527,1011.0,0.0003110377801685,2.509941770491926,3.0575669764131517,0.7744589933111565
GTGATGGCT,GTG,ATG,GCT,62.0,0.0001005155474854,29.0,1.812481875181248e-05,2.4713801976482035,,,,,,2.4713801976482035,
GTAATGGCT,GTA,ATG,GCT,59.0,9.565189196199864e-05,43.0,2.6874731252687472e-05,1.831543177048644,,,,,,1.831543177048644,
GTGCAGGCT,GTG,CAG,GCT,799.0,0.0012953535877565,554.0,0.0003462465375346,1.9034744092676887,3100.0,0.0052058318751406,1355.0,0.0004168706153594,3.642457132720758,2.7729657709942233,1.2296464761199162
GTACAGGCT,GTA,CAG,GCT,561.0,0.0009095035828929,265.0,0.0001656233437665,2.4571732935471324,985.0,0.0016541110958108,510.0,0.0001569033312423,3.398108246285272,2.927640769916202,0.665341485736582
GTTCAGGCT,GTT,CAG,GCT,563.0,0.0009127460199085,204.0,0.0001274987250127,2.839730652497634,1576.0,0.0026465777532973,435.0,0.0001338293119419,4.305661997520678,3.572696325009156,1.036569994819711
GTCCAGGCT,GTC,CAG,GCT,451.0,0.0007311695470315,125.0,7.812421875781243e-05,3.2263642209821946,1182.0,0.0019849333149729,354.0,0.0001089093710976,4.187890538894926,3.7071273799385605,0.6799017796854248
GTCCATGCT,GTC,CAT,GCT,127.0,0.0002058947504944,51.0,3.187468125318747e-05,2.69142422718957,407.0,0.0006834753461878,520.0,0.000159979867149,2.0949989400381828,2.3932115836138763,0.42173636501587963
GTTCATGCT,GTT,CAT,GCT,213.0,0.0003453195421678,315.0,0.0001968730312696,0.8106664842274611,1098.0,0.0018438720641627,324.0,9.967976337747036e-05,4.209294104920966,2.5099802945742136,2.403192637320279
GTGCATGCT,GTG,CAT,GCT,292.0,0.0004733958042865,239.0,0.0001493735062649,1.6641226332881691,509.0,0.0008547640078859,678.0,0.000208589134475,2.0348621517397447,1.849492392513957,0.26215242755094426
GTACATGCT,GTA,CAT,GCT,147.0,0.000238319120651,64.0,3.999960000399996e-05,2.574837227225265,1055.0,0.0017716621381527,185.0,5.691591427417288e-05,4.960127591878628,3.7674824095519464,1.6866549919453258
GTGCCGGCT,GTG,CCG,GCT,462.0,0.0007490029506176,260.0,0.0001624983750162,2.204546110776503,2682.0,0.004503884222299,1023.0,0.0003147296232566,3.8389848609595374,3.0217654858680203,1.155722723688489
GTTCCGGCT,GTT,CCG,GCT,323.0,0.0005236535780292,110.0,6.874931250687493e-05,2.9291955235581675,1365.0,0.0022922453256667,716.0,0.0002202799709205,3.379351227343351,3.1542733754507593,0.3183081507363061
GTACCGGCT,GTA,CCG,GCT,338.0,0.0005479718556467,128.0,7.999920000799993e-05,2.776044318671085,814.0,0.0013669506923756,921.0,0.0002833489570081,2.2703094069753025,2.5231768628231936,0.3576085855428675
GTCCCTGCT,GTC,CCT,GCT,91.0,0.0001475308842125,48.0,2.999970000299997e-05,2.29799702186644,423.0,0.0007103441558659,272.0,8.36817766625677e-05,3.0855327806700004,2.69176490126822,0.556871875476891
GTGCCTGCT,GTG,CCT,GCT,352.0,0.0005706689147563,152.0,9.499905000949992e-05,2.5866689875826125,611.0,0.0010260526695841,531.0,0.0001633640566464,2.650942287814967,2.61880563769879,0.04544808644353681
GTACCTGCT,GTA,CCT,GCT,138.0,0.0002237281540806,40.0,2.499975000249997e-05,3.161761244279708,183.0,0.0003073120106937,264.0,8.122054793719805e-05,1.91978748772598,2.540774366002844,0.8782080653148713
GTACGGGCT,GTA,CGG,GCT,635.0,0.0010294737524723,132.0,8.249917500824991e-05,3.641383544689976,2610.0,0.0043829745787474,1422.0,0.0004374834059344,3.324610110638224,3.4829968276641,0.22399264331774332
GTGCGGGCT,GTG,CGG,GCT,1360.0,0.0022048571706494,343.0,0.0002143728562714,3.362491052353791,4312.0,0.0072411442082601,3109.0,0.0009564950133967,2.920388330211833,3.141439691282812,0.3126138328076105
GTTCGGGCT,GTT,CGG,GCT,612.0,0.0009921857267922,175.0,0.0001093739062609,3.1813416132492254,2512.0,0.0042184031194688,1624.0,0.00049962943125,3.077766600506843,3.129554106878034,0.07323859387162171
GTCCGGGCT,GTC,CGG,GCT,710.0,0.0011510651405596,184.0,0.0001149988500114,3.323278140723932,2413.0,0.0040521523595852,1168.0,0.0003593393939039,3.4952694101361264,3.4092737754300293,0.1216161929062452
GTACGTGCT,GTA,CGT,GCT,678.0,0.001099186148309,186.0,0.0001162488375116,3.2411475344172125,1077.0,0.0018086067514601,655.0,0.0002015131018896,3.165933206919787,3.2035403706684997,0.05318456101581539
GTGCGTGCT,GTG,CGT,GCT,924.0,0.0014980059012353,145.0,9.06240937590624e-05,4.047004833790023,2185.0,0.0036692718216717,1572.0,0.0004836314445351,2.923513830929746,3.4852593323598846,0.7944281067245766
GTCCGTGCT,GTC,CGT,GCT,439.0,0.0007117149249375,108.0,6.749932500674993e-05,3.398354509760789,1071.0,0.0017985309478308,457.0,0.0001405976909367,3.677174178492578,3.5377643441266837,0.19715527848843478
GTTCGTGCT,GTT,CGT,GCT,258.0,0.0004182743750202,159.0,9.93740062599374e-05,2.0735091825277987,1198.0,0.0020118021246511,1221.0,0.0003756450342095,2.4210464766017754,2.247277829564787,0.24574597735493225
AGGCTGGCT,AGG,CTG,GCT,1901.0,0.0030819363833857,839.0,0.0005243697563024,2.555180698597629,3029.0,0.0050866015321938,1853.0,0.0005700821035137,3.157460465568499,2.8563205820830637,0.4258761073965556
GTTCTGCTG,GTT,CTG,CTG,1779.0,0.0028841477254304,383.0,0.0002393726062739,3.5908150957311022,1995.0,0.0033502047067437,1252.0,0.0003851822955203,3.12063595297748,3.355725524354291,0.332466860213564
AATCTGGCT,AAT,CTG,GCT,434.0,0.0007036088323984,446.0,0.0002787472125278,1.3358162149130752,380.0,0.0006381342298559,286.0,8.798892693196456e-05,2.8584660403529494,2.0971411276330123,1.0766760169410479
CGGCTGGCT,CGG,CTG,GCT,1838.0,0.0029797996173924,937.0,0.0005856191438085,2.347180696018748,2681.0,0.0045022049216942,1568.0,0.0004824008301724,3.222327428667745,2.7847540623432465,0.6188221891893564
GTTCTGCGT,GTT,CTG,CGT,2422.0,0.0039265912259654,947.0,0.0005918690813091,2.729927416614844,2577.0,0.0043275576587862,2605.0,0.0008014376036984,2.432890933494141,2.5814091750544925,0.21003651147445246
GTTCTGTGG,GTT,CTG,TGG,2197.0,0.0035618170617035,931.0,0.0005818691813081,2.613846679253383,2998.0,0.0050345432134424,2163.0,0.0006654547166218,2.919448486786272,2.7666475830198274,0.2160931104493718
GTTCTGGTG,GTT,CTG,GTG,1384.0,0.0022437664148373,1045.0,0.0006531184688153,1.78050588305738,1906.0,0.003200746952909,2453.0,0.0007546742579164,2.0844826541527315,1.9324942686050557,0.21494403616471403
GTTCTGGAT,GTT,CTG,GAT,2876.0,0.0046626244285204,852.0,0.0005324946750532,3.13030322260236,2892.0,0.0048565373493247,1454.0,0.0004473283208359,3.4405220518319144,3.2854126372171373,0.21935783779996937
AAGCTGGCT,AAG,CTG,GCT,769.0,0.0012467170325216,376.0,0.0002349976500234,2.4074158186730905,2852.0,0.0047893653251293,396.0,0.0001218308219057,5.29688341516467,3.8521496169188802,2.043162131497991
GTTCTGTTT,GTT,CTG,TTT,1474.0,0.0023896760805421,502.0,0.0003137468625313,2.9291421375332,2860.0,0.0048027997299684,1339.0,0.0004119481579087,3.543340955141833,3.2362415463375163,0.43430414892782376
GTTCTGCTT,GTT,CTG,CTT,1173.0,0.0019016893096851,608.0,0.0003799962000379,2.3232246669738235,1998.0,0.0033552426085583,1135.0,0.0003491868254118,3.264346054414533,2.7937853606941783,0.6654733149790178
GTTCTGTAG,GTT,CTG,TAG,1866.0,0.0030251937356116,868.0,0.0005424945750542,2.47934692079618,2011.0,0.0033770735164218,2056.0,0.0006325357824199,2.4165545859118662,2.4479507533540232,0.04440088580323473
GTTCTGTAT,GTT,CTG,TAT,1375.0,0.0022291754482669,346.0,0.0002162478375216,3.365752558051561,1939.0,0.0032561638728702,959.0,0.0002950397934536,3.464191851889053,3.414972204970307,0.06960709220770575
ATGCTGGCT,ATG,CTG,GCT,857.0,0.0013893842612107,708.0,0.0004424955750442,1.6507107264184029,1224.0,0.0020554639403781,731.0,0.0002248947747806,3.1921420155406057,2.4214263709795043,1.0899565172714314
GATCTGGCT,GAT,CTG,GCT,1730.0,0.0028047080185467,203.0,0.0001268737312626,4.466385287727812,2315.0,0.0038875809003066,709.0,0.0002181263957858,4.1556364297084745,4.311010858718143,0.21973262475144928
GTTCTGATG,GTT,CTG,ATG,1540.0,0.0024966765020589,299.0,0.0001868731312686,3.7398778437730575,1491.0,0.0025038372018821,1550.0,0.0004768630655403,2.3924938109222342,3.066185827347646,0.9527443864912951
GGTCTGGCT,GGT,CTG,GCT,1325.0,0.0021481145228753,1529.0,0.0009556154438455,1.1685688353660204,2209.0,0.0037095750361889,1976.0,0.0006079234951663,2.609292240570989,1.8889305379685046,1.0187452896346072
GTTCTGAGG,GTT,CTG,AGG,2474.0,0.0040108945883726,855.0,0.0005343696563034,2.908014057592011,2136.0,0.0035869860920323,1321.0,0.0004064103932766,3.1417629492411177,3.0248885034165642,0.165285426379923
GTTCTGCCT,GTT,CTG,CCT,1426.0,0.0023118575921662,717.0,0.0004481205187948,2.3670938401308845,1743.0,0.0029270209543129,1060.0,0.0003261128061114,3.165990073475516,2.7665419568032004,0.5649049440623795
GAGCTGGCT,GAG,CTG,GCT,3290.0,0.0053338088907622,551.0,0.0003443715562844,3.9531282424403473,4949.0,0.0083108586935713,1660.0,0.0005107049605141,4.024435569433108,3.9887819059367278,0.05042189446486776
TTTCTGGCT,TTT,CTG,GCT,1084.0,0.0017574008624882,411.0,0.0002568724312756,2.7743193400610906,1044.0,0.0017531898314989,873.0,0.0002685815846559,2.7065499217408355,2.740434630900963,0.04792021525132021
GTTCTGGAG,GTT,CTG,GAG,2516.0,0.0040789857657015,915.0,0.0005718692813071,2.834453156096785,3513.0,0.0058993830249577,1218.0,0.0003747220734375,3.976671212116432,3.405562184106609,0.8076701330052082
GTTCTGACG,GTT,CTG,ACG,529.0,0.0008576245906423,265.0,0.0001656233437665,2.372440245052365,168.0,0.0002821225016205,714.0,0.0002196646637392,0.3610189275500524,1.3667295863012088,1.422289653429065
CCGCTGGCT,CCG,CTG,GCT,898.0,0.0014558542200317,379.0,0.0002368726312736,2.619682478958957,1282.0,0.0021528633754613,771.0,0.0002372009184074,3.182075265504098,2.9008788722315275,0.39767175305646774
GGGCTGGCT,GGG,CTG,GCT,1239.0,0.0020086897312019,1481.0,0.0009256157438425,1.1177694292406546,1144.0,0.0019211198919873,3165.0,0.0009737236144743,0.9803633212630772,1.0490663752518659,0.09716079072739592
GTTCTGATT,GTT,CTG,ATT,1561.0,0.0025307220907233,153.0,9.56240437595624e-05,4.726031861674157,646.0,0.0010848281907551,1187.0,0.0003651848121267,1.5707679038524098,3.1483998827632833,2.231108541009262
GTTCTGCAG,GTT,CTG,CAG,1103.0,0.001788204014137,379.0,0.0002368726312736,2.916327919809192,1954.0,0.0032813533819434,1550.0,0.0004768630655403,2.7826440206071776,2.8494859702081845,0.09452879166120311
TAGCTGGCT,TAG,CTG,GCT,1422.0,0.0023053727181349,702.0,0.0004387456125438,2.3935434117037566,1671.0,0.0028061113107612,1476.0,0.0004540966998306,2.627500780801183,2.51052209625247,0.16543284219735435
GTTCTGAAG,GTT,CTG,AAG,1348.0,0.0021854025485554,465.0,0.000290622093779,2.910682757575365,751.0,0.0012611547542679,997.0,0.0003067306298991,2.039701171916466,2.4751919647459157,0.6158769855080194
GTTCTGCCG,GTT,CTG,CCG,1080.0,0.0017509159884569,448.0,0.0002799972000279,2.644625557382128,2284.0,0.0038355225815552,1052.0,0.0003236515773861,3.5669097148709312,3.1057676361265294,0.6521533819412545
GTTCTGCGG,GTT,CTG,CGG,1971.0,0.0031954216789338,993.0,0.000620618793812,2.364227035904012,2866.0,0.0048128755335977,2629.0,0.0008088212898745,2.573006236444492,2.468616636174252,0.14762918847287954
GTTCTGTTG,GTT,CTG,TTG,1884.0,0.0030543756687526,491.0,0.0003068719312806,3.315168917686991,1622.0,0.0027238255811219,1882.0,0.0005790040576432,2.2339889602891283,2.7745789389880597,0.7645096795590114
GTTCTGCAT,GTT,CTG,CAT,1186.0,0.0019227651502869,498.0,0.0003112468875311,2.6270512448668235,1437.0,0.0024131549692184,454.0,0.0001396747301647,4.110777627966813,3.3689144364168184,1.049152986915392
CGTCTGGCT,CGT,CTG,GCT,1897.0,0.0030754515093544,358.0,0.0002237477625223,3.78085306853612,1767.0,0.0029673241688301,822.0,0.0002528912515317,3.552573509670326,3.666713289103223,0.16141802408027642
TGGCTGGCT,TGG,CTG,GCT,2588.0,0.0041957134982652,691.0,0.0004318706812931,3.2802448839931504,3636.0,0.0061059369993585,1907.0,0.0005866953974099,3.379529124681743,3.3298870043374467,0.07020455985586112
GTTCTGTGT,GTT,CTG,TGT,349.0,0.0005658052592328,668.0,0.0004174958250417,0.4385438161245005,405.0,0.000680116744978,1388.0,0.0004270231838516,0.6714680139941169,0.5550059150593087,0.16470227981604296
GTTCTGGCT,GTT,CTG,GCT,633.0,0.0010262313154566,545.0,0.000340621593784,1.5911141521529526,482.0,0.0008094228915541,948.0,0.0002916556039563,1.4726278561320942,1.5318710041425234,0.08378246339402559
GTGCTGGCT,GTG,CTG,GCT,222.0,0.0003599105087383,275.0,0.0001718732812671,1.066292940326985,291.0,0.0004886764760212,1402.0,0.000431330334121,0.1800864776980528,0.6231897090125189,0.6266425992562606
TATCTGGCT,TAT,CTG,GCT,558.0,0.0009046399273694,326.0,0.0002037479625203,2.150558039987009,2521.0,0.0042335168249127,1154.0,0.0003550322436345,3.575834663013448,2.8631963515002283,1.0078227652086578
GTTCTGTCT,GTT,CTG,TCT,147.0,0.000238319120651,78.0,4.874951250487495e-05,2.289435008363018,115.0,0.0001931195695616,516.0,0.0001587492527863,0.2827445643215114,1.2860897863422647,1.4189444207239934
CAGCTGGCT,CAG,CTG,GCT,310.0,0.0005025777374274,509.0,0.0003181218187818,0.6597674415874426,486.0,0.0008161400939736,736.0,0.000226433042734,1.84973231634916,1.2547498789683011,0.8414322323178111
CTTCTGGCT,CTT,CTG,GCT,134.0,0.0002172432800492,259.0,0.0001618733812661,0.4244457851601186,,,,,,0.4244457851601186,
CCTCTGGCT,CCT,CTG,GCT,1028.0,0.0016666126260497,431.0,0.0002693723062769,2.6292453724936813,1979.0,0.0033233358970655,653.0,0.0002008977947082,4.048098484301473,3.338671928397577,1.0032806568669244
GTTCTGGTT,GTT,CTG,GTT,1317.0,0.0021351447748127,971.0,0.0006068689313106,1.8148770272262225,2124.0,0.0035668344847737,1961.0,0.0006033086913062,2.5636759994123963,2.1892765133193093,0.5294808309783605
CATCTGGCT,CAT,CTG,GCT,1138.0,0.001844946661911,225.0,0.000140623593764,3.7136685334784456,1190.0,0.001998367719812,1456.0,0.0004479436280172,2.157432986797001,2.9355507601377235,1.1004247081820036
GTTCTGGGT,GTT,CTG,GGT,495.0,0.000802503161376,289.0,0.000180623193768,2.151523914855193,296.0,0.0004970729790456,1254.0,0.0003857976027016,0.365613501627303,1.258568708241248,1.2628293637851102
ACGCTGGCT,ACG,CTG,GCT,101.0,0.0001637430692908,167.0,0.0001043739562604,0.6496720726666432,96.0,0.0001612128580688,234.0,7.199094021706191e-05,1.1630795499381446,0.9063758113023939,0.3630339086905569
GCGCTGGCT,GCG,CTG,GCT,133.0,0.0002156220615414,256.0,0.0001599984000159,0.4304473178900903,55.0,9.236153326862428e-05,583.0,0.0001793620433613,-0.9575105908754457,-0.2635316364926777,0.9814344492896099
GTTCTGAAT,GTT,CTG,AAT,820.0,0.0013293991764209,344.0,0.0002149978500214,2.628380227192249,1099.0,0.0018455513647676,1048.0,0.0003224209630234,2.517034438212171,2.57270733270221,0.07873336244437933
GTTCTGACT,GTT,CTG,ACT,321.0,0.0005204111410135,889.0,0.0005556194438055,-0.0944452393185653,353.0,0.000592793113524,820.0,0.0002522759443503,1.2325260425661249,0.5690404016237798,0.93831039186047
CTGCTGGCT,CTG,CTG,GCT,162.0,0.0002626373982685,452.0,0.0002824971750282,-0.1051640771416622,39.0,6.549272359047904e-05,417.0,0.0001282915473098,-0.9700195857820244,-0.5375918314618433,0.6115451949061408
GTTCTGTCG,GTT,CTG,TCG,97.0,0.0001572581952595,179.0,0.0001118738812611,0.4912619473117718,96.0,0.0001612128580688,641.0,0.0001972059516202,-0.2907362770971922,0.10026283510728981,0.552956247355418
GTTCTGGGG,GTT,CTG,GGG,154.0,0.0002496676502058,558.0,0.0003487465125348,-0.4821698887453856,353.0,0.000592793113524,1939.0,0.0005965403123114,-0.0090909460352204,-0.245630417390303,0.33451732842692
GCTCTGGCT,GCT,CTG,GCT,98.0,0.0001588794137673,57.0,3.5624643753562464e-05,2.1569847123393675,204.0,0.0003425773233963,395.0,0.0001215231683151,1.4951982677074227,1.826091490023395,0.46795368269658383
AGTCTGGCT,AGT,CTG,GCT,107.0,0.0001734703803378,234.0,0.0001462485375146,0.246267149206643,141.0,0.0002367813852886,566.0,0.0001741319323199,0.4433748783673046,0.34482101378697383,0.13937621191378521
TCGCTGGCT,TCG,CTG,GCT,121.0,0.0001961674394474,386.0,0.0002412475875241,-0.2984289176045855,43.0,7.220992601001534e-05,542.0,0.0001667482461437,-1.2074025178513814,-0.7529157177279835,0.6427413966540595
TCTCTGGCT,TCT,CTG,GCT,162.0,0.0002626373982685,130.0,8.124918750812492e-05,1.6926470722450695,,,,,,1.6926470722450695,
ATTCTGGCT,ATT,CTG,GCT,56.0,9.07882364385072e-05,370.0,0.0002312476875231,-1.3488616560698077,156.0,0.0002619708943619,417.0,0.0001282915473098,1.0299804142179756,-0.15944062092591604,1.6820953592723373
GTTCTGGCG,GTT,CTG,GCG,85.0,0.0001378035731655,388.0,0.0002424975750242,-0.8153570236605248,278.0,0.0004668455681577,137.0,4.2148541921955055e-05,3.4693907585633728,1.327016867451424,3.029774212484538
TGTCTGGCT,TGT,CTG,GCT,82.0,0.000132939917642,197.0,0.0001231237687623,0.1106650675506077,148.0,0.0002485364895228,462.0,0.00014213595889,0.8061860930132845,0.4584255802819461,0.49180763356248014
GTTCTTAAT,GTT,CTT,AAT,1120.0,0.0018157647287701,264.0,0.0001649983500164,3.4600537799754143,1174.0,0.0019714989101339,786.0,0.0002418157222675,3.0273129596518373,3.243683369813626,0.30599396854703065
GTTCTTGAG,GTT,CTT,GAG,1898.0,0.0030770727278622,826.0,0.0005162448375516,2.5754311879905654,1975.0,0.003316618694646,998.0,0.0003070382834898,3.4332227014149588,3.004326944702762,0.60655019598666
GTTCTTGTG,GTT,CTT,GTG,1256.0,0.002036250445835,442.0,0.0002762472375276,2.881883071889097,1695.0,0.0028464145252785,1393.0,0.0004285614518049,2.731571784222845,2.806727428055971,0.10628613079768866
GTTCTTATG,GTT,CTT,ATG,1538.0,0.0024934340650432,377.0,0.0002356226437735,3.4035839570820627,1296.0,0.0021763735839297,349.0,0.0001073711031442,4.341248545475365,3.8724162512787137,0.6630289889313967
GTTCTTCGT,GTT,CTT,CGT,1140.0,0.0018481890989267,443.0,0.0002768722312776,2.7388201028859864,2026.0,0.0034022630254951,712.0,0.0002190493565578,3.957166796635132,3.3479934497605592,0.8615012089862307
GGGCTTGCT,GGG,CTT,GCT,613.0,0.0009938069453,1101.0,0.0006881181188188,0.5303093925153135,797.0,0.0013384025820926,1593.0,0.0004900921699392,1.4493871312655529,0.9898482618904332,0.6498861015078924
CGTCTTGCT,CGT,CTT,GCT,396.0,0.0006420025291008,179.0,0.0001118738812611,2.520705725204253,1621.0,0.002722146280517,931.0,0.0002864254929148,3.2485127867591395,2.8846092559816965,0.5146373086209152
GTTCTTCGG,GTT,CTT,CGG,1035.0,0.0016779611556045,397.0,0.0002481225187748,2.75758473763263,2608.0,0.0043796159775376,1243.0,0.0003824134132043,3.5175993419789844,3.1375920398058073,0.537411480534118
GTTCTTTAG,GTT,CTT,TAG,1901.0,0.0030819363833857,341.0,0.0002131228687713,3.85407977001328,1903.0,0.0031957090510944,805.0,0.0002476611404903,3.689696642072436,3.771888206042858,0.11623642447962637
GTTCTTCTG,GTT,CTT,CTG,1226.0,0.0019876138906001,277.0,0.0001731232687673,3.521165980030494,1142.0,0.0019177612907776,417.0,0.0001282915473098,3.9019251307185705,3.7115455553745322,0.2692373774503694
CGGCTTGCT,CGG,CTT,GCT,1000.0,0.0016212185078304,206.0,0.0001287487125128,3.654448639867768,1235.0,0.0020739362470318,865.0,0.0002661203559305,2.9622207727483456,3.308334706308057,0.4894790189664439
GTTCTTTTG,GTT,CTT,TTG,1576.0,0.0025550403683408,670.0,0.0004187458125418,2.609199416500143,1587.0,0.002665050059951,773.0,0.0002378162255888,3.486243577710725,3.0477214971054343,0.62016387379207
GATCTTGCT,GAT,CTT,GCT,1701.0,0.0027576926818196,397.0,0.0002481225187748,3.474337110909328,1809.0,0.0030378547942352,908.0,0.0002793494603294,3.4429099741307176,3.458623542520023,0.022222341529432657
AAGCTTGCT,AAG,CTT,GCT,948.0,0.0015369151454233,577.0,0.000360621393786,2.0914806226416776,1140.0,0.0019144026895678,578.0,0.0001778237754079,3.4283741953518163,2.759927408996747,0.9453265109880499
AGGCTTGCT,AGG,CTT,GCT,1319.0,0.0021383872118284,528.0,0.0003299967000329,2.6959996122819927,1877.0,0.0031520472353674,1041.0,0.0003202673878887,3.298940350331849,2.9974699813069208,0.4263434845286751
GAGCTTGCT,GAG,CTT,GCT,1391.0,0.0022551149443922,309.0,0.0001931230687693,3.545608559026764,3480.0,0.0058439661049965,1107.0,0.000340572524873,4.100913852754929,3.8232612058908466,0.3926601388239731
GTTCTTAAG,GTT,CTT,AAG,1429.0,0.0023167212476897,420.0,0.0002624973750262,3.1417095658185943,1621.0,0.002722146280517,849.0,0.0002611978984798,3.3815294007648937,3.261619483291744,0.1695782315535669
AATCTTGCT,AAT,CTT,GCT,329.0,0.0005333808890762,209.0,0.000130623693763,2.0297495240432597,639.0,0.0010730730865209,158.0,4.860926732605035e-05,4.464373141570283,3.247061332806771,1.7215388695902814
GTTCTTCAG,GTT,CTT,CAG,844.0,0.0013683084206089,226.0,0.0001412485875141,3.276085108680899,1321.0,0.0022183560990518,319.0,9.814149542411432e-05,4.498483906282349,3.887284507481624,0.8643664790982672
GTTCTTTGG,GTT,CTT,TGG,2078.0,0.0033688920592717,624.0,0.0003899961000389,3.1107426024308644,1950.0,0.0032746361795239,1269.0,0.0003904124065617,3.068263823596258,3.089503213013561,0.030037032570473916
GTTCTTCTT,GTT,CTT,CTT,630.0,0.0010213676599332,549.0,0.0003431215687843,1.57371056177098,1298.0,0.0021797321851395,460.0,0.0001415206517087,3.9450663858551542,2.759388473813067,1.6768017838161333
GTGCTTGCT,GTG,CTT,GCT,139.0,0.0002253493725884,242.0,0.0001512484875151,0.5752427178378134,166.0,0.0002787639004107,469.0,0.0001442895340247,0.9500770876319392,0.7626599027348764,0.2650479247032123
GTTCTTTTT,GTT,CTT,TTT,649.0,0.0010521708115819,261.0,0.0001631233687663,2.6893335538181558,2389.0,0.004011849145068,843.0,0.0002593519769358,3.951284086314642,3.3203088200663986,0.8923337790502399
GTTCTTAGG,GTT,CTT,AGG,2065.0,0.0033478162186699,865.0,0.000540619593804,2.630534626171622,2165.0,0.003635685809574,1115.0,0.0003430337535983,3.4058050836068112,3.0181698548892166,0.548198997706019
TTTCTTGCT,TTT,CTT,GCT,621.0,0.0010067766933627,244.0,0.0001524984750152,2.722877003046497,960.0,0.0016121285806887,650.0,0.0001999748339362,3.011076456493093,2.866976729769795,0.20378778786634502
GTTCTTGCT,GTT,CTT,GCT,168.0,0.0002723647093155,556.0,0.0003474965250347,-0.3514587675558456,165.0,0.0002770845998058,1202.0,0.0003697996159867,-0.4164171976649768,-0.38393798261041123,0.04593254642539908
GTTCTTGAT,GTT,CTT,GAT,1843.0,0.0029879057099315,833.0,0.000520619793802,2.520832552654067,2690.0,0.0045173186271381,1522.0,0.0004682487650015,3.2701195827408336,2.8954760676974503,0.5298259400294814
GGTCTTGCT,GGT,CTT,GCT,524.0,0.0008495184981031,648.0,0.0004049959500404,1.0687378810417254,782.0,0.0013132130730193,2051.0,0.0006309975144666,1.0573947896278924,1.0630663353348089,0.008020776858340253
GTTCTTGTT,GTT,CTT,GTT,1251.0,0.0020281443532959,751.0,0.0004693703062969,2.11136185904045,1142.0,0.0019177612907776,916.0,0.0002818106890548,2.7666249160662897,2.43899338755337,0.4633409510839987
GTTCTTCCG,GTT,CTT,CCG,862.0,0.0013974903537498,491.0,0.0003068719312806,2.187129727163306,1103.0,0.0018522685671871,282.0,8.675831256927974e-05,4.416147491992982,3.301638609578144,1.5761535768963448
CCTCTTGCT,CCT,CTT,GCT,430.0,0.0006971239583671,64.0,3.999960000399996e-05,4.123357731978361,985.0,0.0016541110958108,308.0,9.475730592673108e-05,4.125675142449229,4.124516437213795,0.00163865665874322
CCGCTTGCT,CCG,CTT,GCT,601.0,0.0009743523232061,509.0,0.0003181218187818,1.6148642170243903,938.0,0.0015751839673812,466.0,0.0001433665732527,3.4577397366614875,2.536301976842939,1.303109776818074
GTTCTTCAT,GTT,CTT,CAT,750.0,0.0012159138808728,335.0,0.0002093729062709,2.537894382427009,1497.0,0.0025139130055114,614.0,0.0001888993046721,3.734245429488629,3.136069905957819,0.8459479380568982
TAGCTTGCT,TAG,CTT,GCT,1432.0,0.0023215849032132,399.0,0.0002493725062749,3.218735723430811,1487.0,0.0024971199994626,988.0,0.0003039617475831,3.0383034692681328,3.128519596349472,0.1275848704632044
GTTCTTATT,GTT,CTT,ATT,596.0,0.0009662462306669,469.0,0.0002931220687793,1.7208892903356858,2249.0,0.0037767470603842,1055.0,0.0003245745381581,3.5405224309836605,2.630705860659673,1.2866749330239577
TATCTTGCT,TAT,CTT,GCT,877.0,0.0014218086313673,256.0,0.0001599984000159,3.151597914833633,1434.0,0.0024081170674037,332.0,0.0001021409921028,4.559271646155372,3.8554347804945026,0.9953756411157716
GCGCTTGCT,GCG,CTT,GCT,141.0,0.000228591809604,385.0,0.000240622593774,-0.0739984007945704,98.0,0.0001645714592786,561.0,0.0001725936643665,-0.0686653476931926,-0.0713318742438815,0.00377103801241219
GTTCTTCCT,GTT,CTT,CCT,1053.0,0.0017071430887455,428.0,0.0002674973250267,2.67398761701347,599.0,0.0010059010623255,1059.0,0.0003258051525208,1.6264070875968422,2.150197352305156,0.7407512961894911
CATCTTGCT,CAT,CTT,GCT,727.0,0.0011786258551927,234.0,0.0001462485375146,3.0106117167250908,766.0,0.0012863442633412,740.0,0.0002276636570966,2.4983008902090376,2.754456303467064,0.36225845950478613
GTTCTTTAT,GTT,CTT,TAT,744.0,0.0012061865698258,274.0,0.0001712482875171,2.816291610536405,816.0,0.0013703092935854,812.0,0.000249814715625,2.455571193586712,2.6359314020615585,0.2550678529375669
GTTCTTACT,GTT,CTT,ACT,273.0,0.0004425926526377,230.0,0.0001437485625143,1.622431972364378,419.0,0.0007036269534464,510.0,0.0001569033312423,2.1649347656408846,1.8936833690026313,0.38360740393846154
ATGCTTGCT,ATG,CTT,GCT,290.0,0.0004701533672708,273.0,0.000170623293767,1.4623168314839816,460.0,0.0007724782782466,1179.0,0.0003627235834013,1.090623816765003,1.2764703241244924,0.26282665122746096
GTTCTTTGT,GTT,CTT,TGT,294.0,0.0004766382413021,544.0,0.0003399966000339,0.4873743859749258,348.0,0.0005843966104996,1134.0,0.0003488791718211,0.7442203397068905,0.6157973628409081,0.1816175156041985
TTGCTTGCT,TTG,CTT,GCT,195.0,0.0003161376090269,117.0,7.312426875731243e-05,2.112130476555107,95.0,0.0001595335574639,306.0,9.414199874538866e-05,0.7609495344386872,1.436540005496897,0.9554292067805484
TGGCTTGCT,TGG,CTT,GCT,1026.0,0.001663370189034,360.0,0.0002249977500224,2.886126801666281,1880.0,0.003157085137182,1940.0,0.0005968479659021,2.403157778290902,2.6446422899785915,0.3415106715317745
CTTCTTGCT,CTT,CTT,GCT,42.0,6.809117732888039e-05,355.0,0.0002218727812721,-1.704192909224382,106.0,0.0001780058641177,415.0,0.0001276762401285,0.4794346971293048,-0.6123791060475385,1.544057888038841
GTTCTTGCG,GTT,CTT,GCG,122.0,0.0001977886579553,235.0,0.0001468735312646,0.4293852733867869,113.0,0.0001897609683519,488.0,0.0001501349522475,0.3379233936526944,0.38365433351974065,0.06467331538004525
GTTCTTTCG,GTT,CTT,TCG,120.0,0.0001945462209396,143.0,8.937410625893741e-05,1.12218414121903,54.0,9.06822326637402e-05,456.0,0.000140290037346,-0.6295207432008816,0.24633169900907426,1.238642402410917
GTTCTTACG,GTT,CTT,ACG,290.0,0.0004701533672708,214.0,0.0001337486625133,1.8136069860026875,466.0,0.0007825540818759,277.0,8.522004461592372e-05,3.198925747405484,2.506266366704086,0.9795682902928664
AGTCTTGCT,AGT,CTT,GCT,165.0,0.000267501053792,216.0,0.0001349986500134,0.9865995944712472,46.0,7.724782782466758e-05,505.0,0.0001553650632889,-1.0080958527817518,-0.010748129155252306,1.410462677154529
ATTCTTGCT,ATT,CTT,GCT,63.0,0.0001021367659933,182.0,0.0001137488625113,-0.1553498343098791,,,,,,-0.1553498343098791,
GTTCTTGGT,GTT,CTT,GGT,139.0,0.0002253493725884,414.0,0.0002587474125258,-0.1993810023869162,246.0,0.0004131079488014,880.0,0.0002707351597906,0.6096365606149732,0.2051277791140285,0.5720618048976509
TGTCTTGCT,TGT,CTT,GCT,31.0,5.025777374274505e-05,256.0,0.0001599984000159,-1.6706388072242255,154.0,0.0002586122931521,329.0,0.0001012180313308,1.3533245357600503,-0.15865713573208762,2.138264985883723
GTTCTTTCT,GTT,CTT,TCT,150.0,0.0002431827761745,112.0,6.999930000699993e-05,1.7966286508271772,83.0,0.0001393819502053,448.0,0.0001378288086206,0.0161662780897113,0.9063974644584443,1.2589770174101524
ACTCTTGCT,ACT,CTT,GCT,34.0,5.5121429266236506e-05,84.0,5.249947500524995e-05,0.0703103008604788,39.0,6.549272359047904e-05,65.0,1.999748339362831e-05,1.711516174634184,0.8909132377473314,1.16050780266858
GCTCTTGCT,GCT,CTT,GCT,71.0,0.0001151065140559,146.0,9.124908750912493e-05,0.3350874430135668,99.0,0.0001662507598835,449.0,0.0001381364622113,0.2672667541388538,0.30117709857621033,0.047956469008052595
CAGCTTGCT,CAG,CTT,GCT,74.0,0.0001199701695794,329.0,0.0002056229437705,-0.7773255257173908,153.0,0.0002569329925472,652.0,0.0002005901411176,0.3571414572619655,-0.21009203422771264,0.8021892966969464
GTTCTTGGG,GTT,CTT,GGG,164.0,0.0002658798352841,450.0,0.0002812471875281,-0.0810643042100522,166.0,0.0002787639004107,794.0,0.0002442769509929,0.1905260030043578,0.054730849397152795,0.19204334793584704
CTGCTTGCT,CTG,CTT,GCT,67.0,0.0001086216400246,28.0,1.7499825001749983e-05,2.633899150789068,81.0,0.0001360233489956,562.0,0.0001729013179572,-0.346094548535909,1.1439023011265794,2.1071737526858767
TCTCTTGCT,TCT,CTT,GCT,69.0,0.0001118640770403,22.0,1.3749862501374986e-05,3.024257720529773,,,,,,3.024257720529773,
GTGGAGGCT,GTG,GAG,GCT,2016.0,0.0032683765117862,529.0,0.000330621693783,3.305320893774793,4520.0,0.007590438734076,3237.0,0.0009958746730026,2.9301471758937687,3.117734034834281,0.26528788003664083
GTTGAGGCT,GTT,GAG,GCT,1678.0,0.0027204046561395,413.0,0.0002581224187758,3.397693911409279,5262.0,0.0088364797829,1575.0,0.0004845544053071,4.18874118869164,3.7932175500504597,0.5593548940055129
GTCGAGGCT,GTC,GAG,GCT,1712.0,0.0027755260854057,121.0,7.562424375756243e-05,5.197768631515451,2634.0,0.0044232777932646,630.0,0.0001938217621228,4.512313380669627,4.85504100609254,0.4846900560730083
GTAGAGGCT,GTA,GAG,GCT,996.0,0.0016147336337991,101.0,6.312436875631243e-05,4.676955331705187,2686.0,0.0045106014247186,1334.0,0.0004104098899553,3.458182407043248,4.067568869374218,0.8618025997550186
GTGGATGCT,GTG,GAT,GCT,1326.0,0.0021497357413832,357.0,0.0002231227687723,3.2682496784723885,2965.0,0.0049791262934812,1871.0,0.0005756198681458,3.112704314992973,3.1904769967326807,0.10998718129842106
GTTGATGCT,GTT,GAT,GCT,874.0,0.0014169449758438,156.0,9.74990250097499e-05,3.861252133027252,2101.0,0.0035282105708614,1319.0,0.0004057950860953,3.1201133662218936,3.4906827496245727,0.5240642478083041
GTCGATGCT,GTC,GAT,GCT,168.0,0.0002723647093155,191.0,0.0001193738062619,1.1900534771319131,1818.0,0.0030529684996792,986.0,0.0003033464404018,3.3311744166165878,2.2606139468742503,1.5140011356501248
GTGGCGGCT,GTG,GCG,GCT,565.0,0.0009159884569242,299.0,0.0001868731312686,2.2932702654933443,276.0,0.000463486966948,539.0,0.0001658252853717,1.4828647628260558,1.8880675141597,0.5730432264469324
GTCGCGGCT,GTC,GCG,GCT,113.0,0.0001831976913848,128.0,7.999920000799993e-05,1.1953438448040874,,,,,,1.1953438448040874,
GTAGCGGCT,GTA,GCG,GCT,34.0,5.5121429266236506e-05,101.0,6.312436875631243e-05,-0.1955837591125551,121.0,0.0002031953731909,409.0,0.0001258303185845,0.6913879731332369,0.24790210701034088,0.6271837265917782
GTTGCGGCT,GTT,GCG,GCT,101.0,0.0001637430692908,62.0,3.874961250387496e-05,2.07918005475382,114.0,0.0001914402689567,1021.0,0.0003141143160753,-0.7143953679126671,0.6823923434205765,1.9753561251235487
GTTGCTGCT,GTT,GCT,GCT,55.0,8.91670179306767e-05,107.0,6.687433125668743e-05,0.415057609512413,,,,,,0.415057609512413,
GTGGGGGCT,GTG,GGG,GCT,2994.0,0.0048539282124444,1026.0,0.0006412435875641,2.9202083728402632,9034.0,0.0151708016645227,5541.0,0.0017047085459091,3.153700315534313,3.036954344187288,0.1651037360313834
GTCGGGGCT,GTC,GGG,GCT,1309.0,0.0021221750267501,590.0,0.0003687463125368,2.524843120084938,3560.0,0.0059783101533873,2208.0,0.000679299128202,3.1376188378759826,2.8312309789804604,0.43329786539650167
GTTGGGGCT,GTT,GGG,GCT,2277.0,0.00369151454233,647.0,0.0004043709562904,3.190461556533016,6869.0,0.0115351158549487,2685.0,0.0008260498909521,3.8036597650696553,3.4970606608013357,0.4335966114677003
GTAGGGGCT,GTA,GGG,GCT,1503.0,0.0024366914172692,1120.0,0.0006999930000699,1.7995111593603,5829.0,0.0097886432258692,2033.0,0.0006254597498345,3.96811995526216,2.8838155573112303,1.5334379853229991
GTTGGTGCT,GTT,GGT,GCT,737.0,0.001194838040271,757.0,0.0004731202687973,1.3365362014982392,4030.0,0.0067675814376828,2019.0,0.0006211525995651,3.445620696884248,2.3910784491912436,1.4913479487828547
GTGGGTGCT,GTG,GGT,GCT,1653.0,0.0026798741934437,746.0,0.0004662453375466,2.5230040714259765,5717.0,0.0096005615581222,3624.0,0.0011149366125924,3.106157103687909,2.814580587556943,0.41235146358190994
GTAGGTGCT,GTA,GGT,GCT,996.0,0.0016147336337991,164.0,0.0001024989750102,3.977614809838897,2777.0,0.004663417779763,876.0,0.0002695045454279,4.113006171018065,4.045310490428481,0.0957361496038669
GTCGGTGCT,GTC,GGT,GCT,843.0,0.001366687202101,428.0,0.0002674973250267,2.353086716929836,2679.0,0.0044988463204844,882.0,0.000271350466972,4.05132578908525,3.2022062530075432,1.2008363639970436
GTTGTGGCT,GTT,GTG,GCT,56.0,9.07882364385072e-05,65.0,4.062459375406246e-05,1.160151991418049,173.0,0.0002905190046449,536.0,0.0001649023245997,0.8170208059793431,0.988586398698696,0.2426303880602876
GTGGTGGCT,GTG,GTG,GCT,143.0,0.0002318342466197,133.0,8.312416875831242e-05,1.4797537836660997,66.0,0.0001108338399223,326.0,0.0001002950705588,0.1441477339277668,0.8119507587969332,0.9444160947637524
GTAGTGGCT,GTA,GTG,GCT,46.0,7.457605136020233e-05,194.0,0.0001212487875121,-0.7011860037412134,147.0,0.0002468571889179,562.0,0.0001729013179572,0.5137277934158302,-0.09372910516269162,0.8590737845268432
GTAGTTGCT,GTA,GTT,GCT,103.0,0.0001669855063065,37.0,2.312476875231248e-05,2.852212043943169,,,,,,2.852212043943169,
GTCGTTGCT,GTC,GTT,GCT,45.0,7.295483285237185e-05,72.0,4.499955000449995e-05,0.6970929772762631,,,,,,0.6970929772762631,
GTGTAGGCT,GTG,TAG,GCT,1650.0,0.0026750105379203,530.0,0.0003312466875331,3.0135666420715186,3915.0,0.0065744618681211,2243.0,0.0006900670038755,3.252064455892522,3.13281554898202,0.16864342145099806
GTCTAGGCT,GTC,TAG,GCT,675.0,0.0010943224927855,214.0,0.0001337486625133,3.0324415879259465,1177.0,0.0019765368119485,856.0,0.0002633514736145,2.907913387437688,2.970177487681817,0.08805473501420562
GTTTAGGCT,GTT,TAG,GCT,716.0,0.0011607924516066,260.0,0.0001624983750162,2.8366128466247016,1809.0,0.0030378547942352,1406.0,0.0004325609484837,2.8120775823490973,2.8243452144868995,0.01734905174748382
GTATAGGCT,GTA,TAG,GCT,728.0,0.0011802470737005,293.0,0.0001831231687683,2.6882026681653493,875.0,0.0014693880292735,941.0,0.0002895020288216,2.343570062791546,2.5158863654784476,0.24369205227780374
GTGTATGCT,GTG,TAT,GCT,887.0,0.0014380208164456,438.0,0.0002737472625273,2.393168117088789,2593.0,0.0043544264684644,1749.0,0.0005380861300839,3.016573685732034,2.7048709014104118,0.44081430501709423
GTTTATGCT,GTT,TAT,GCT,593.0,0.0009613825751434,314.0,0.0001962480375196,2.292432428043277,858.0,0.0014408399189905,959.0,0.0002950397934536,2.2879286012818074,2.2901805146625422,0.003184686444324639
GTCTATGCT,GTC,TAT,GCT,299.0,0.0004847443338413,126.0,7.874921250787492e-05,2.6218866330870885,744.0,0.0012493996500337,725.0,0.0002230488532366,2.4858033950061262,2.5538450140466074,0.09622538045287181
GTATATGCT,GTA,TAT,GCT,362.0,0.0005868810998346,158.0,9.87490125098749e-05,2.571230021295003,779.0,0.0013081751712046,163.0,5.014753527940638e-05,4.705233132630983,3.638231576962993,1.5089680710988627
GTATCGGCT,GTA,TCG,GCT,565.0,0.0009159884569242,243.0,0.0001518734812651,2.5924594360856688,990.0,0.0016625075988352,429.0,0.0001319833903979,3.6549326462678176,3.123696041176743,0.7512820117488374
GTCTCGGCT,GTC,TCG,GCT,413.0,0.0006695632437339,126.0,7.874921250787492e-05,3.08788293030843,1563.0,0.0026247468454338,459.0,0.000141212998118,4.216233488386248,3.652058209347339,0.7978643311724504
GTTTCGGCT,GTT,TCG,GCT,483.0,0.0007830485392821,239.0,0.0001493735062649,2.390177453243925,1052.0,0.001766624236338,519.0,0.0001596722135583,3.467810029734814,2.9289937414893696,0.7620013024642384
GTGTCGGCT,GTG,TCG,GCT,395.0,0.000640381310593,271.0,0.0001693733062669,1.9187246840994945,1769.0,0.0029706827700399,1432.0,0.0004405599418411,2.7533843242265945,2.3360545041630445,0.5901934915165958
GTGTCTGCT,GTG,TCT,GCT,414.0,0.0006711844622418,272.0,0.0001699983000169,1.9811889986378863,1363.0,0.0022888867244569,388.0,0.0001193695931804,4.261138773418473,3.12116388602818,1.6121679465120946
GTCTCTGCT,GTC,TCT,GCT,203.0,0.0003291073570895,115.0,7.187428125718743e-05,2.195010748629702,963.0,0.0016171664825033,491.0,0.0001510579130195,3.4202945423291577,2.80765264547943,0.8664064794028639
GTTTCTGCT,GTT,TCT,GCT,236.0,0.0003826075678479,61.0,3.812461875381246e-05,3.327070594187857,2086.0,0.0035030210617881,658.0,0.0002024360626616,4.113061437584916,3.7200660158863865,0.555779455316594
GTGTGGGCT,GTG,TGG,GCT,1484.0,0.0024058882656204,484.0,0.0003024969750302,2.991577021735109,6727.0,0.0112966551690551,3460.0,0.0010644814237223,3.40767298910766,3.1996250054213844,0.2942242801535071
GTATGGGCT,GTA,TGG,GCT,651.0,0.0010554132485976,185.0,0.0001156238437615,3.190297155038225,2498.0,0.0041948929110004,1257.0,0.0003867205634737,3.439270595987842,3.3147838755130334,0.17605080843082244
GTTTGGGCT,GTT,TGG,GCT,1125.0,0.0018238708213092,559.0,0.0003493715062849,2.38416969565011,5146.0,0.0086416809127334,2780.0,0.0008552769820659,3.3368483429233224,2.860509019286716,0.6736455317785156
GTCTGGGCT,GTC,TGG,GCT,1211.0,0.0019632956129827,185.0,0.0001156238437615,4.085766571566918,1802.0,0.0030260996900011,917.0,0.0002821183426454,3.4230871410188755,3.7544268562928966,0.4685851190933605
GTTTTGGCT,GTT,TTG,GCT,380.0,0.0006160630329755,474.0,0.0002962470375296,1.05627724182159,501.0,0.0008413296030469,1240.0,0.0003814904524322,1.1410241567213628,1.0986506992714764,0.05992511821026862
GTGTTGGCT,GTG,TTG,GCT,40.0,6.484874031321942e-05,105.0,6.562434375656243e-05,-0.0171525403898584,265.0,0.0004450146602942,681.0,0.000209512095247,1.0868193302388818,0.5348333949245117,0.7806259959607801
GTTTTTGCT,GTT,TTT,GCT,300.0,0.0004863655523491,531.0,0.0003318716812831,0.551415522080628,547.0,0.0009185774308715,1509.0,0.0004642492683228,0.9845017010662644,0.7679586115734462,0.30623817399891434
GTCTTTGCT,GTC,TTT,GCT,67.0,0.0001086216400246,63.0,3.937460625393746e-05,1.4639741493467555,,,,,,1.4639741493467555,
GTGTTTGCT,GTG,TTT,GCT,108.0,0.0001750915988456,50.0,3.124968750312497e-05,2.4861961947776443,212.0,0.0003560117282354,527.0,0.0001621334422837,1.1347430717263762,1.8104696332520103,0.9556216677652892
GTTTTAGCT,GTT,TTA,GCT,616820.0,1.0,1600016.0,1.0,0.0,595486.0,1.0,3250409.0,1.0,0.0,0.0,0.0
GTCACGGCT,GTC,ACG,GCT,,,,,,51.0,8.564433084908798e-05,548.0,0.0001685941676878,-0.9771249721886388,-0.9771249721886388,
GTGACTGCT,GTG,ACT,GCT,,,,,,121.0,0.0002031953731909,334.0,0.0001027562992841,0.9836407136009324,0.9836407136009324,
GTCACTGCT,GTC,ACT,GCT,,,,,,86.0,0.00014441985202,320.0,9.844914901478552e-05,0.5528184286151276,0.5528184286151276,
AGGATGGCT,AGG,ATG,GCT,,,,,,64.0,0.0001074752387125,5.0,1.538267953356024e-06,6.12655367391303,6.12655367391303,
GTCATGGCT,GTC,ATG,GCT,,,,,,88.0,0.0001477784532297,284.0,8.737361975062215e-05,0.7581662679330066,0.7581662679330066,
GTTATGGCT,GTT,ATG,GCT,,,,,,58.0,9.739943508327652e-05,389.0,0.000119677246771,-0.2971635810582285,-0.2971635810582285,
GTAATTGCT,GTA,ATT,GCT,,,,,,209.0,0.0003509738264207,60.0,1.8459215440272285e-05,4.248950305272755,4.248950305272755,
GTGATTGCT,GTG,ATT,GCT,,,,,,164.0,0.0002754052992009,181.0,5.568529991148806e-05,2.3061878863352714,2.3061878863352714,
GTCCCGGCT,GTC,CCG,GCT,,,,,,781.0,0.0013115337724144,694.0,0.0002135115919258,2.6188686543641087,2.6188686543641087,
GTTCCTGCT,GTT,CCT,GCT,,,,,,294.0,0.0004937143778359,280.0,8.614300538793733e-05,2.518871096691789,2.518871096691789,
TTGCTGGCT,TTG,CTG,GCT,,,,,,198.0,0.000332501519767,875.0,0.0002691968918373,0.3046991821603093,0.3046991821603093,
GTTCTGAGT,GTT,CTG,AGT,,,,,,49.0,8.228572963931982e-05,589.0,0.0001812079649053,-1.1389322109148612,-1.1389322109148612,
GTTCTTAGT,GTT,CTT,AGT,,,,,,36.0,6.04548217758268e-05,474.0,0.0001458278019781,-1.2703364786555549,-1.2703364786555549,
TTTCTTGTT,TTT,CTT,GTT,,,,,,70.0,0.0001175510423418,19.0,5.8454182227528905e-06,4.329837272301772,4.329837272301772,
TCGCTTGCT,TCG,CTT,GCT,,,,,,79.0,0.0001326647477858,249.0,7.660574407712999e-05,0.792260584909414,0.792260584909414,
GTAGATGCT,GTA,GAT,GCT,,,,,,1333.0,0.0022385077063104,838.0,0.0002578137089824,3.1181364001900143,3.1181364001900143,
GTGGCGACT,GTG,GCG,ACT,,,,,,43.0,7.220992601001534e-05,77.0,2.3689326481682766e-05,1.6079599828075892,1.6079599828075892,
GTGGCTGCT,GTG,GCT,GCT,,,,,,496.0,0.0008329331000225,504.0,0.0001550574096982,2.4253981556873505,2.4253981556873505,
GTAGCTGCT,GTA,GCT,GCT,,,,,,52.0,8.732363145397205e-05,18.0,5.5377646320816855e-06,3.97899648549917,3.97899648549917,
GTTGTTGCT,GTT,GTT,GCT,,,,,,114.0,0.0001914402689567,546.0,0.0001679788605064,0.1886146420452803,0.1886146420452803,
GTGGTTGCT,GTG,GTT,GCT,,,,,,155.0,0.000260291593757,252.0,7.75287048491436e-05,1.7473262505747122,1.7473262505747122,
GTATCTGCT,GTA,TCT,GCT,,,,,,595.0,0.000999183859906,302.0,9.291138438270384e-05,3.426822887670617,3.426822887670617,
GTTTGTGCT,GTT,TGT,GCT,,,,,,59.0,9.90787356881606e-05,754.0,0.000231970807366,-1.2272958951064314,-1.2272958951064314,
GTCTGTGCT,GTC,TGT,GCT,,,,,,75.0,0.0001259475453663,430.0,0.0001322910439886,-0.0708923902931886,-0.0708923902931886,
GTGTGTGCT,GTG,TGT,GCT,,,,,,123.0,0.0002065539744007,349.0,0.0001073711031442,0.9439130479299802,0.9439130479299802,
GTCTTGGCT,GTC,TTG,GCT,,,,,,49.0,8.228572963931982e-05,371.0,0.000114139482139,-0.4720837637052035,-0.4720837637052035,
