Translation,ratio,std
*,-7.270125691778031,
A,-2.08082223393977,0.9940735025155687
C,0.23112846690596633,
D,-5.448945010889513,
E,-1.6689642301819418,
F,-3.1395427410649184,
G,-0.8050616181233199,1.9431079949243908
H,0.5497038659668618,
I,-0.1875597541624856,
K,-1.1997874372574096,
L,-1.753554955359674,1.3543355861146031
M,-2.2540230901107723,
N,2.050937179490724,
P,-0.7695985412452844,1.719954704577447
Q,2.055338998438371,
R,-2.522178574535546,3.5341932648710204
S,-1.2056182714308916,1.6741622880577471
T,1.420238088313173,1.2559040536534056
V,0.15996891318457962,2.038660272100731
W,1.9195811163109138,
Y,0.06818602189416545,
