,set,residue,middle,standardize_gal,std_gal,standardize_gc,std_gc,raw_gal_error,raw_gc_error,len_gc,len_gal,transform_error_gal,transform_error_gc,amino_acid,stats,pval,tstat,corrected_p,hit
37,1,3,L,-0.018763298383315252,0.8076743058588011,0.4257586840887838,0.9049381848805208,1.5519508382212734,1.1880552892503067,12,12,0.1502338110270209,0.21988299255434052,L,"Ttest_indResult(statistic=-5.782336952957858, pvalue=8.115867427137637e-06)",8.115867427137637e-06,-5.782336952957858,0.030377576387954686,True
306,3,29,L,-1.1523829887013768,0.6361928156607423,-0.6163605880756793,0.7157098012802958,1.594513133915384,1.2405291562172336,10,11,0.12029963703689568,0.18244416944247133,L,"Ttest_indResult(statistic=-8.022537354182816, pvalue=1.6073283004893853e-07)",1.6073283004893853e-07,-8.022537354182816,0.0006202363477039174,True
357,3,33,R,-0.05353089017910362,0.7001167237150401,0.7576745175595819,0.963718146376739,1.594513133915384,1.2405291562172336,9,7,0.16595614228282954,0.2589535123101341,R,"Ttest_indResult(statistic=-7.189987847081537, pvalue=4.636584640007432e-06)",4.636584640007432e-06,-7.189987847081537,0.01752397563484409,True
375,3,34,S,-0.025203346856266018,0.9248955190875484,0.882345473389576,1.2722617351132428,1.594513133915384,1.2405291562172336,8,9,0.1933496186421984,0.3625972416021153,S,"Ttest_indResult(statistic=-6.5506221924805175, pvalue=9.187472551253118e-06)",9.187472551253118e-06,-6.5506221924805175,0.0342835264860506,True
1022,6,84,L,-0.9508469468785272,0.559295957624786,-0.6655803294720881,0.5508224465953075,1.6067683408015248,1.4925723982950132,12,12,0.10048420282237407,0.10653335415446681,L,"Ttest_indResult(statistic=-6.747828948598035, pvalue=8.809986116885514e-07)",8.809986116885514e-07,-6.747828948598035,0.003374686065856669,True
1349,8,108,S,0.0409280827020031,0.4587062120500866,0.6315407325118972,0.6246503982071384,2.21432664968444,1.665135377638343,9,6,0.08457019063618688,0.12504496763361836,S,"Ttest_indResult(statistic=-10.074289185288968, pvalue=1.6510660610000057e-07)",1.6510660610000057e-07,-10.074289185288968,0.0006369435106654553,True
2210,15,213,L,0.17939779812773804,0.7943099360748005,0.6142192755379595,0.6039603057715139,1.5430792075147217,1.519458367557221,9,10,0.16278027426373387,0.1324946482393546,L,"Ttest_indResult(statistic=-6.338825060267428, pvalue=7.411597768235278e-06)",7.411597768235278e-06,-6.338825060267428,0.027800085573179478,True
2407,15,225,S,-0.11171525797980975,0.7889989102670022,0.16760704527428172,0.4632059057047188,1.5430792075147217,1.519458367557221,12,12,0.14760380770299153,0.08800242904278607,S,"Ttest_indResult(statistic=-5.630602512036914, pvalue=1.1615245674876403e-05)",1.1615245674876403e-05,-5.630602512036914,0.04311158973717688,True
2948,18,259,S,-0.7771668175822554,0.3976234659768029,0.47380906925661664,0.5190307984568826,0.7833386686542935,0.2820909428461382,12,12,0.14653177757214306,0.5311453253042469,S,"Ttest_indResult(statistic=-7.864987462054854, pvalue=7.821612317707409e-08)",7.821612317707409e-08,-7.864987462054854,0.00030233783056510255,True
3026,18,263,S,0.14176275251519893,0.4179916467340501,0.9583153753106451,0.2944977490681241,0.7833386686542935,0.2820909428461382,12,12,0.15403783792232434,0.30137152399281286,S,"Ttest_indResult(statistic=-8.35742731510838, pvalue=2.835773985329916e-08)",2.835773985329916e-08,-8.35742731510838,0.0001097667875966657,True
3085,18,267,R,0.04083333970920648,0.6263166143842734,1.4950814191420994,0.4615637729613267,0.7833386686542935,0.2820909428461382,12,12,0.23080953384689865,0.47233698090184784,R,"Ttest_indResult(statistic=-9.582515631579769, pvalue=2.607620906053044e-09)",2.607620906053044e-09,-9.582515631579769,1.0125340694555618e-05,True
3133,18,270,R,0.17902636403688837,0.4635329795460656,1.7357421180696717,0.713427818243514,0.7833386686542935,0.2820909428461382,11,12,0.17082068154438187,0.7625433789808294,R,"Ttest_indResult(statistic=-6.899377824165269, pvalue=8.106421603984504e-07)",8.106421603984504e-07,-6.899377824165269,0.0031080272100096895,True
3157,18,272,K,-0.1607048222442713,0.10624614192829254,0.4014949613964957,0.06328626380711709,0.7833386686542935,0.2820909428461382,5,5,0.06065667512798343,0.1003310396901924,K,"Ttest_indResult(statistic=-10.722464550257532, pvalue=5.0307189515700055e-06)",5.0307189515700055e-06,-10.722464550257532,0.01898456678728644,True
3252,19,277,M,0.29673008927223005,0.29847447167735874,2.4662744863152626,0.14534812039130027,0.9008828479288962,0.331798493349335,4,4,0.16565665134126095,0.21903071186985484,M,"Ttest_indResult(statistic=-15.80029238692291, pvalue=4.0759612869897275e-06)",4.0759612869897275e-06,-15.80029238692291,0.015429549708789625,True
3356,19,283,R,0.31683878601555854,0.5610093585864536,1.7377218132903,0.6590804953199075,0.9008828479288962,0.331798493349335,11,10,0.19692542330913101,0.5989184710361556,R,"Ttest_indResult(statistic=-7.144823776960529, pvalue=8.610281955771998e-07)",8.610281955771998e-07,-7.144823776960529,0.003299173365377106,True
3408,19,286,L,0.12332591396838102,0.4866700285384665,0.6592318351942941,0.5473912178990548,0.9008828479288962,0.331798493349335,19,19,0.12393371902533068,0.3784832073857394,L,"Ttest_indResult(statistic=-5.865449484642829, pvalue=1.051360608592216e-06)",1.051360608592216e-06,-5.865449484642829,0.004021758312142243,True
3443,20,289,S,-1.1512399521674332,0.3026257272073733,0.70717626288649,0.3280039443988623,0.5557757624529721,0.22299285617165013,12,12,0.15718663611357786,0.4246171129539931,S,"Ttest_indResult(statistic=-14.218340587726487, pvalue=1.4347018108445052e-12)",1.4347018108445052e-12,-14.218340587726487,5.588317031346435e-09,True
3444,20,289,T,-1.1843920603629057,0.1853224852551157,1.0183150675788346,0.4587708734579699,0.5557757624529721,0.22299285617165013,8,8,0.11789177837826696,0.7273775519142575,T,"Ttest_indResult(statistic=-8.454953122081541, pvalue=7.15164828703181e-07)",7.15164828703181e-07,-8.454953122081541,0.0027431796768636607,True
3532,20,296,S,-0.6747507847187397,0.4277650388328222,1.6220841929675163,0.8296795463901803,0.5557757624529721,0.22299285617165013,12,12,0.22218516621704823,1.0740606620168403,S,"Ttest_indResult(statistic=-7.254250642075355, pvalue=2.8796030301548877e-07)",2.8796030301548877e-07,-7.254250642075355,0.0011077453626340272,True
3587,21,300,R,-0.495956086844457,0.3984718962564337,0.4775964332823921,0.4589091945214557,0.9920353644807999,0.24951148565813464,11,12,0.1159524472640941,0.5545489335462643,R,"Ttest_indResult(statistic=-5.953227843177743, pvalue=6.571636175960234e-06)",6.571636175960234e-06,-5.953227843177743,0.024701527772913012,True
3734,R1,141,P,-1.1870048431225901,0.5910142076573216,0.9658585036299921,0.4245964226611983,0.7804996291557597,0.4043818669912281,7,8,0.2677196365001005,0.39685845541690457,P,"Ttest_indResult(statistic=-12.469464964686933, pvalue=1.317071649849079e-08)",1.317071649849079e-08,-12.469464964686933,5.1008884410452815e-05,True
3750,R1,142,L,0.11871721145805741,0.6945676594647557,1.4373914209987002,0.7094574126392738,0.7804996291557597,0.4043818669912281,12,12,0.25689238673703335,0.5064586985730808,L,"Ttest_indResult(statistic=-8.043910701661108, pvalue=5.3898253731309806e-08)",5.3898253731309806e-08,-8.043910701661108,0.00020845672099734092,True
3753,R1,142,P,-0.01896973509350014,0.8540266510822844,1.6676152126527046,0.6643608886583496,0.7804996291557597,0.4043818669912281,8,8,0.3868599123791553,0.58085454352931,P,"Ttest_indResult(statistic=-6.835421244334468, pvalue=8.121536841602753e-06)",8.121536841602753e-06,-6.835421244334468,0.03039059643855735,True
3762,R1,143,M,-0.9463485354486965,0.5048964379803387,1.9349773275353244,0.2418978524859795,0.7804996291557597,0.4043818669912281,4,4,0.3234443804454259,0.2990958203514437,M,"Ttest_indResult(statistic=-13.080912754000678, pvalue=1.2307458380306989e-05)",1.2307458380306989e-05,-13.080912754000678,0.04560960952848825,True
3765,R1,143,R,-1.177685288277642,0.7360566346620386,0.730778924810463,0.7570972927700704,0.7804996291557597,0.4043818669912281,12,12,0.2722374747446106,0.5404672680254218,R,"Ttest_indResult(statistic=-10.924579636336027, pvalue=2.359225638213297e-10)",2.359225638213297e-10,-10.924579636336027,9.175026280949794e-07,True
3766,R1,143,S,-1.0548565069714624,0.602542197913729,0.6951460661274785,1.1273856413338583,0.7804996291557597,0.4043818669912281,12,12,0.2228559035574995,0.8048041426134734,S,"Ttest_indResult(statistic=-7.259325843573983, pvalue=2.847998742738681e-07)",2.847998742738681e-07,-7.259325843573983,0.0010958787577751705,True
3768,R1,144,G,-0.9670000072659155,0.4276617291081331,0.17085130310907679,0.3278263584248393,0.7804996291557597,0.4043818669912281,8,8,0.19372367225428658,0.2866204694323298,G,"Ttest_indResult(statistic=-9.302923219084567, pvalue=2.2687161741561186e-07)",2.2687161741561186e-07,-9.302923219084567,0.0008744345149770405,True
3769,R1,144,P,-1.0817273641007499,0.4998950707255854,2.1542721991395553,0.6542562873578054,0.7804996291557597,0.4043818669912281,8,8,0.22644417831058858,0.5720200325335978,P,"Ttest_indResult(statistic=-14.877492918049498, pvalue=5.672461473749844e-10)",5.672461473749844e-10,-14.877492918049498,2.205450556846955e-06,True
3772,R1,146,*,-1.1953686377369408,0.4293556932970833,1.33537535161442,0.06229123067157755,0.7804996291557597,0.4043818669912281,4,4,0.2750518240229678,0.07702030649278443,*,"Ttest_indResult(statistic=-17.720312017327153, pvalue=2.074401170538717e-06)",2.074401170538717e-06,-17.720312017327153,0.007901138907668859,True
3776,R1,146,R,-0.845518479801934,0.2964142077849422,1.154868367093502,0.2201590351648733,0.7804996291557597,0.4043818669912281,13,13,0.1053306196955545,0.1509986846286575,R,"Ttest_indResult(statistic=-39.175715424992056, pvalue=2.881922359887271e-23)",2.881922359887271e-23,-39.175715424992056,0.0,True
3777,R1,146,T,-0.584495793590363,0.5407623786271369,1.5155324876857983,0.396052573591974,0.7804996291557597,0.4043818669912281,8,8,0.24495639117178056,0.3462710414996722,T,"Ttest_indResult(statistic=-14.003796238312619, pvalue=1.258938030977981e-09)",1.258938030977981e-09,-14.003796238312619,4.892221356356252e-06,True
3779,R1,147,S,0.26189137168728654,0.3720571878695091,1.0170462039881842,0.7671485670045839,0.7804996291557597,0.4043818669912281,16,15,0.1230810999029791,0.4742723583975793,S,"Ttest_indResult(statistic=-5.975147273745702, pvalue=1.7052185098166868e-06)",1.7052185098166868e-06,-5.975147273745702,0.0065029353817748214,True
3780,R1,147,T,-1.1934469923654631,0.6231336182160826,0.2849436214961585,0.4780752013730394,0.7804996291557597,0.4043818669912281,8,8,0.2822691969133331,0.41798389641360134,T,"Ttest_indResult(statistic=-8.290623892973272, pvalue=9.017619472948116e-07)",9.017619472948116e-07,-8.290623892973272,0.0034531843869870515,True
3785,R1,148,G,-0.12183121182818762,1.027049819564957,1.581184659339152,0.6808470192306361,0.7804996291557597,0.4043818669912281,8,9,0.4386292152698319,0.5952684622466934,G,"Ttest_indResult(statistic=-6.770425490968166, pvalue=6.3014449194431485e-06)",6.3014449194431485e-06,-6.770425490968166,0.023704211400202735,True
3792,R1,148,R,-0.8670782283914387,1.0404233042180488,2.82982281882715,0.7550409247294686,0.7804996291557597,0.4043818669912281,11,11,0.40192130484948685,0.562966401338066,R,"Ttest_indResult(statistic=-17.725804216674028, pvalue=1.0674115535186422e-13)",1.0674115535186422e-13,-17.725804216674028,4.15780410101263e-10,True
3794,R1,148,T,0.43128619652940586,0.9356438058727764,3.454953886317712,1.0466716135773972,0.7804996291557597,0.4043818669912281,8,8,0.42383113021043994,0.9151110077496349,T,"Ttest_indResult(statistic=-8.480189468314572, pvalue=6.903416385767643e-07)",6.903416385767643e-07,-8.480189468314572,0.002648779268339174,True
3795,R1,148,V,-0.0665634974113663,0.3417497389847402,1.0206329944362635,0.8313487418889475,0.7804996291557597,0.4043818669912281,14,13,0.12144057485319136,0.5494492096610044,V,"Ttest_indResult(statistic=-6.968753971484677, pvalue=2.64136037381568e-07)",2.64136037381568e-07,-6.968753971484677,0.0010169347214059599,True
3805,R1,149,L,-0.9876800550566667,1.1527004962849996,0.6342887375747135,0.3242539301012247,0.7804996291557597,0.4043818669912281,10,11,0.4452946081553957,0.2535674922840061,L,"Ttest_indResult(statistic=-10.110096992629147, pvalue=4.4107019950526384e-09)",4.4107019950526384e-09,-10.110096992629147,1.7104556209290855e-05,True
3808,R1,149,P,-0.3765086066994751,0.6187385630072828,1.1830953493134309,0.4004765400028985,0.7804996291557597,0.4043818669912281,8,8,0.28027830977787527,0.3501389407605633,P,"Ttest_indResult(statistic=-9.835486332858535, pvalue=1.1467700147959035e-07)",1.1467700147959035e-07,-9.835486332858535,0.00044312842560467747,True
3810,R1,149,R,-0.4703799445785762,0.7579313788940647,1.5665012459525007,0.3942818638968366,0.7804996291557597,0.4043818669912281,11,11,0.2927931040725998,0.29398067675655887,R,"Ttest_indResult(statistic=-16.281913715424924, pvalue=5.255708657761942e-13)",5.255708657761942e-13,-16.281913715424924,2.0476580431250113e-09,True
3811,R1,149,S,-0.35325605508589547,0.6882585657910634,1.9220455969115715,0.8357013706770559,0.7804996291557597,0.4043818669912281,11,10,0.27885531340672354,0.6231076724906288,S,"Ttest_indResult(statistic=-10.603578586754518, pvalue=2.0309494014122733e-09)",2.0309494014122733e-09,-10.603578586754518,7.890207332716948e-06,True
3812,R1,149,T,-0.9505990334029983,0.5686127824395066,0.6474557634348949,0.5325234552729096,0.7804996291557597,0.4043818669912281,8,8,0.2575721623130249,0.4655883177528008,T,"Ttest_indResult(statistic=-8.494826830146337, pvalue=6.763633546553813e-07)",6.763633546553813e-07,-8.494826830146337,0.0025965646935874886,True
3813,R1,149,V,-0.1392022269085315,0.26880230242110426,1.2525683076172895,0.38434073700628996,0.7804996291557597,0.4043818669912281,7,6,0.14059978549235974,0.3592325867611456,V,"Ttest_indResult(statistic=-8.879275724558271, pvalue=2.391791611103943e-06)",2.391791611103943e-06,-8.879275724558271,0.009097412517006687,True
